united_airlines_atlantic_operations,column_b,1995,1996,1997,1998,1999,2000,2001,2002,2003,2004,2005,2006,2007,2008,2009,2010,2011,2012,2013,2014,2015
A,Sum of Pax Rev (000),1103895,1188588,1461725,1566074,1671073,1916004,1680954,1513551,1330572,1594297,1752724,1891233,2349367,2566369,2207124,2777733,2908331.7800000003,5598990,5912698,6081693.550000001,5923327.71
A,Sum of Total Rev (000),1285806,1411618,1745057,1846367,1973406,2259621,2081382,1882611,1761295,2027726,2178048,2323475,2760066,3045488,2545343,3197001,3483182.01,6464567,7132308.49,7320420.12,7067634.84
A,Sum of RPM,11157498000,11237956000,13423768000,14888689000,16994339000,18074430000,17807167000,16008364168,14720986220,16021187663,16097060492,15847157632,17059641839,18404221530,17938137495,18727597068,18512611558,38027555347,38297623893,37945009345,37632598616
A,Sum of ASM,14263041000,14256321000,17019708000,19500903000,22133939000,23468617000,24010676000,20475270268,18428921563,19475591216,19556909374,19095236405,20397953740,22636526868,22042984766,22913239116,23282864017,47707734242,47111080933,47164257254,47389032205
A,Sum of AC Op Expense (000),476699,519177,574686,591382,662933,852877,1032794,923178,839501,951156,1099221,1153134,1288624,1981389,1245481,1566689.8,1813815.1800000002,4220105,3796568.8000000003,3791088.63,2964762.78
Latin America Operations,,,,,,,,,,,,,,,,,,,,,,
L,Sum of Pax Rev (000),588402,643950,711580,710851,663605,689251,569611,401712,349536,357219,411011,491651,497652,525504,339535,484121,678233.32,2616328,2617588.58,2786902.98,2692597.91
L,Sum of Total Rev (000),686086,750480,824070,832000,786972,816362,679022,489105,432330,419212,493741,584974,577110,607472,396640,555342,778911.62,3177132,3260682.98,3492832.33,3367097.74
L,Sum of RPM,5033558000,5307647000,5416180000,5877960000,5699466000,5663978000,4981811000,3987245977,3737055173,3452976019,4017118420,4533466191,4034338627,3810684022,3079403782,3354513560,4284017040,15681292779,15811741896,16985085519,18119163177
L,Sum of ASM,7991537000,8331913000,8300381000,9708359000,8990978000,8121349000,7332497000,6110716510,5083422609,4442892456,5161462271,5638858331,5062462514,4918298837,4007882870,4220765774,5517868941,19560154375,19537826633,20607416355,22273553286
L,Sum of AC Op Expense (000),265880,307453,306172,305189,292776,336441,347595,284306,231663,213819,282244,330482,317982,415638,237911,297950.14,432112.12,1597631,1573968.7200000002,1656387.22,1440167.5000000002
Pacific Operations,,,,,,,,,,,,,,,,,,,,,,
P,Sum of Pax Rev (000),2874067,2921892,2966118,2330038,2144387,2539430,2092150,1940710,1634020,2255338,2630874,2865307,3237293,3121748,2224695,3064175,3242591.87,5000722,4749900.5600000005,4709167.38,4377655.85
P,Sum of Total Rev (000),3336841,3437753,3552197,2842568,2691247,3161480,2662524,2482524,2121928,2768170,3267343,3508742,3798873,3703318,2629128,3575548,3844901.8400000003,5887253,5794170.43,5767273.8100000005,5498207.17
P,Sum of RPM,26103304000,27545211000,27527837000,24910072000,22207228000,24649137000,23216258000,22187298480,18980920022,23122117725,25823141259,26153582565,26431090055,23944778481,21412334556,23123627259,22984722732,31785991057,31540126523,31797209613,32656722442
P,Sum of ASM,35970643000,37402209000,38424729000,34820329000,30707011000,33874860000,32671016000,27857883572,24326834860,28055840062,31683092091,31554795739,32467875844,30908606380,27353674093,27256518599,27858554001,38406503897,37921470176,39016819722,39932479927
P,Sum of AC Op Expense (000),1264714,1383538,1456572,1364835,1170785,1448488,1483770,1391658,1137523,1311352,1773727,1924338,1991898,2603510,1487333,1772599.74,2155731.52,2908262,3222414.64,3282784.0199999996,2757669.9499999997
Domestic Operations,,,,,,,,,,,,,,,,,,,,,,
D,Sum of Pax Rev (000),8461034,9492562,9929198,10594618,10961898,11458187,9123274,7662693,7304669,7746814,7665623,8641593,8761399,8514094,6490722,7120800,7330240.470000001,12625053,12572832.280000001,13037548.09,13166819.26
D,Sum of Total Rev (000),9586028,10716898,11213861,11996610,12515076,13093817,10664441,9061361,9082176,10486061,11365022,12916668,12913045,12880970,10788127,12354429,13048222.24,21631211,22099971.830000002,22319992.31,21931192.47
D,Sum of RPM,69517332000,72607437000,75059581000,78933586000,80565024000,78546329000,70630952000,67246782422,66955206212,72635350380,68333832480,70936985195,69874212105,63902055994,58045815334,57318304795,53854828974,93903064060,92911672966,92261976418,95216376295
D,Sum of ASM,100344625000,102854285000,105366196000,109979250000,114855630000,110027704000,100836219000,94363480056,88726803719,93413480222,83892565687,86796231576,83967902507,77395871932,69333528160,67521211424,62313988401,110624972049,108406788898,107272835663,110361296643
D,Sum of AC Op Expense (000),4093692,4522705,4780156,4734974,5009754,5633874,5654208,5025728,4211462,4599706,4612998,5237581,5454412,6708812,4106804,4595991.510000001,5000239.629999999,8800452,8564978.680000002,8266109.100000001,6714054.259999999
International Operations,,,,,,,,,,,,,,,,,,,,,,
I,Sum of Pax Rev (000),4566364,4754430,5139423,4606963,4479065,5144685,4342715,3855973,3314128,4206854,4794609,5248191,6084312,6213621,4771354,6326029,6829156.970000001,13216040,13280187.14,13577763.91,12993581.47
I,Sum of Total Rev (000),5308733,5599851,6121324,5520935,5451625,6237463,5422928,4854240,4315553,5215108,5939132,6417191,7136049,7356278,5571111,7327891,8106995.470000001,15528952,16187161.9,16580526.26,15932939.75
I,Sum of RPM,42294360000,44090814000,46367785000,45676721000,44901033000,48387545000,46005236000,42182908625,37438961415,42596281407,45937320171,46534206388,47525070521,46159684033,42429875833,45205737887,45781351330,85494839183,85649492312,86727304477,88408484235
I,Sum of ASM,58225221000,59990443000,63744818000,64029591000,61831928000,65464826000,64014189000,54443870350,47839179032,51974323734,56401463736,56288890475,57928292098,58463432085,53404541729,54390523489,56659286959,105674392514,104570377742,106788493331,109595065418
I,Sum of AC Op Expense (000),2007293,2210168,2337430,2261406,2126494,2637806,2864159,2599142,2208687,2476327,3155192,3407954,3598504,5000537,2970725,3637239.6799999997,4401658.82,8725998,8592952.16,8730259.87,7162600.23
Total,,,,,,,,,,,,,,,,,,,,,,
T,Sum of Pax Rev (000),13027398,14246992,15068621,15201581,15440963,16602872,13465989,11518666,10618797,11953668,12460232,13889784,14845711,14727715,11262076,13446829,14159397.440000001,25841093,25853019.42,26615312,26160400.73
T,Sum of Total Rev (000),14894761,16316749,17335185,17517545,17966701,19331280,16087369,13915601,13397729,15701169,17304154,19333859,20049094,20237248,16359238,19682320,21155217.71,37160163,38287133.730000004,38900518.57,37864132.22
T,Sum of RPM,111811692000,116698251000,121427366000,124610307000,125466057000,126933874000,116636188000,109429691047,104394167627,115231631787,114271152651,117471191583,117399282626,110061740027,100475691167,102524042682,99636180304,179397903243,178561165278,178989280895,183624860530
T,Sum of ASM,158569846000,162844728000,169111014000,174008841000,176687558000,175492530000,164850408000,148807350406,136565982751,145387803956,140294029423,143085122051,141896194605,135859304017,122738069889,121911734913,118973275360,216299364563,212977166640,214061328994,219956362061
T,Sum of AC Op Expense (000),6100985,6732873,7117586,6996380,7136248,8271680,8518367,7624870,6420149,7076033,7768190,8645535,9052916,11709349,7077529,8233231.19,9401898.45,17526450,17157930.840000004,16996368.97,13876654.489999998
International Operation Percentages ,,,,,,,,,,,,,,,,,,,,,,
,Sum of Pax Rev (000),0.3505200347759391,0.3337146535914388,0.3410679052847636,0.30305814901752653,0.29007679119495333,0.30986717237836925,0.3224950651600859,0.3347586430581458,0.31210013714359547,0.3519299682741733,0.38479291557332157,0.37784540061962085,0.4098363493671674,0.4218998670194256,0.42366558350343225,0.470447642340064,0.4823056206267489,0.5114350232786206,0.5136803142508914,0.5101485907811263,0.4966889308809147
,Sum of Total Rev (000),0.356416125106002,0.34319649091862603,0.35311558544082455,0.31516602354953277,0.3034293830570231,0.32266166544584735,0.3370922865012918,0.34883437661082695,0.32211078459640435,0.3321477528201881,0.343220015263387,0.3319146477689736,0.35592875169321864,0.3635018951193364,0.3405483189375936,0.37230829495709855,0.38321493927088496,0.4178924618818276,0.4227833301430057,0.42622892623305203,0.42079241793858285
,Sum of RPM,0.378264197987452,0.377818978623767,0.38185613776716526,0.36655652409234496,0.3578739467360483,0.3812027749188526,0.394433638383312,0.3854795551500046,0.35863077666148246,0.36965788600249216,0.40200277239960086,0.3961329221311335,0.40481568079424357,0.4193980943938943,0.42228996228030496,0.44092816381826805,0.4594852109978172,0.4765654315769488,0.47966472541021565,0.48453909666175266,0.4814624990310401
,Sum of ASM,0.3671897429981738,0.36839045228409234,0.37694066455068387,0.367967458618956,0.34995066262673685,0.3730348294596927,0.3883168369228422,0.3658681523557642,0.35030084409252127,0.3574875080287302,0.402023264767342,0.39339443310490996,0.4082441552379642,0.43032335921347353,0.43510983818873145,0.4461467431975664,0.4762354132686963,0.4885561856711833,0.4909933745092854,0.4988686832547565,0.49825821990821184
,Sum of AC Op Expense (000),0.32901129899516224,0.32826521456739194,0.32840207339960487,0.3232251535794225,0.29798487944925683,0.318896040465782,0.33623334143739053,0.3408768936388424,0.3440242586270194,0.3499597867901407,0.4061682322394277,0.3941865945832155,0.3974966739998471,0.4270550822253227,0.4197404207033274,0.44177548231826097,0.46816702428858936,0.49787595320216016,0.5008151763828883,0.5136544096806578,0.5161618915540211
Atlantic Operations Percentages,,,,,,,,,,,,,,,,,,,,,,
,Sum of Pax Rev (000),0.08473641474682818,0.0834272946878892,0.09700456332400954,0.1030204687262463,0.10822336663846678,0.11540196178107016,0.12482959847954725,0.1313998513369517,0.12530345951617683,0.1333730366277531,0.14066543865314868,0.136160000760271,0.1582522386432014,0.17425439044685478,0.1959784323955903,0.20657160137903144,0.20539940292826472,0.21667001469326394,0.2287043499230853,0.22850356028138993,0.22642343177898253
,Sum of Total Rev (000),0.08632605786692381,0.08651343475345487,0.10066561158706988,0.10540101366943827,0.10983685875331259,0.11688936273231777,0.1293798880351411,0.1352877967685334,0.13146220527374453,0.12914490634423462,0.12586850533114766,0.12017647382242727,0.13766537280936486,0.15048923648116583,0.1555905599026067,0.16243008954228974,0.16464883783037182,0.17396497964769422,0.1862847331507466,0.1881830985575985,0.18665777942394898
,Sum of RPM,0.09978829405425686,0.09629926673022718,0.11054977508117898,0.11948200239968913,0.1354496937765407,0.14239248697317786,0.1526727451003457,0.14628903741603744,0.14101349294338006,0.13903463323867857,0.14086722780475194,0.13490250178319757,0.14531299900142544,0.16721725029501747,0.17853211345603123,0.1826654175751497,0.18580210021616808,0.21197324305117715,0.2144790208631022,0.2119959874427317,0.20494283022124726
,Sum of ASM,0.08994800310268322,0.08754548688858997,0.1006422207367286,0.11206846093526937,0.12527163344461414,0.1337300054879829,0.145651298600365,0.13759582582537822,0.1349451832130213,0.13395615509739778,0.13939944168995272,0.1334536821948117,0.1437526481720126,0.16661742110181504,0.1795937054080686,0.18794941383084737,0.19569826876286817,0.22056345074515696,0.22120249638137454,0.22033058224786592,0.21544742675757525
,Sum of AC Op Expense (000),0.0781347602067535,0.07711076683014814,0.08074170090814498,0.08452685531660659,0.09289657534323359,0.10310807478045572,0.12124319132998145,0.12107458881266173,0.13076036085766857,0.13441938442062099,0.14150284686651587,0.13337913732348547,0.1423435277649765,0.1692142748499511,0.17597681337653298,0.19028857126019802,0.19292009902531976,0.24078492792322462,0.22127194912973547,0.22305285538879427,0.21365112045821358
Latin America Operations Percentages,,,,,,,,,,,,,,,,,,,,,,
,Sum of Pax Rev (000),0.04516650216720177,0.04519901464112565,0.047222635701037276,0.046761649331079444,0.042976917955181944,0.04151396216269089,0.042299975144788844,0.034874871795049875,0.03291672305252657,0.02988363069812546,0.032985822414863544,0.03539659076051867,0.033521600952625304,0.03568129883013081,0.030148526790264956,0.03600261444538337,0.04789987164877547,0.10124680097703298,0.10124885366291192,0.10471051325642923,0.10292647799206706
,Sum of Total Rev (000),0.04606223624534828,0.04599445637118031,0.047537421723506265,0.04749523977246812,0.043801697373379786,0.04223010581813517,0.04220839342965279,0.035147960910922926,0.03226890169221963,0.026699413272986236,0.028533090956079102,0.03025645319953973,0.028784841848713962,0.030017520168750218,0.02424562806653953,0.0282152713704482,0.03681888934812574,0.08549833325542733,0.08516393530511482,0.08978883722886062,0.08892578655801028
,Sum of RPM,0.04501817216038552,0.04548180417888183,0.044604278083409964,0.047170736847634925,0.0454263578236144,0.044621485357013525,0.0427123955731475,0.036436600879074764,0.03579754748706351,0.029965522187368275,0.035154265331241025,0.03859215293476317,0.03436425280256806,0.03462314898042839,0.03064824681705093,0.03271928683503764,0.042996600501233925,0.08741068036764736,0.08855084402805541,0.09489442850470982,0.09867489143192434
,Sum of ASM,0.050397583157140734,0.051164769669423994,0.049082438829206,0.055792331839047186,0.05088631085161073,0.04627746263615893,0.04447970186400752,0.041064614707054234,0.03722319794870569,0.03055890752256353,0.03679032024547313,0.03940911710576125,0.03567722536952104,0.03620141345921054,0.032653950592710056,0.03462148887481643,0.04637906222471843,0.09043093776312436,0.09173671967392269,0.0962687490162112,0.10126351007670752
,Sum of AC Op Expense (000),0.04357984817205746,0.04566445854540847,0.043016269842050384,0.043620986853201225,0.04102660109345976,0.04067384134782777,0.04080535623787986,0.03728666849402022,0.03608374198168921,0.03021735483709587,0.036333302867205874,0.038225743114798566,0.035124815031974226,0.035496251755755166,0.033614980595628785,0.03618872507332082,0.04596009224073251,0.09115542508608418,0.09173418022706052,0.09745535784282283,0.10378348045185064
Pacific Operations Percentages,,,,,,,,,,,,,,,,,,,,,,
,Sum of Pax Rev (000),0.22061711786190918,0.20508834426242395,0.1968407062597168,0.1532760309602008,0.1388765066013046,0.1529512484346082,0.1553654915357498,0.16848391992614423,0.15387995457489206,0.1886733009482947,0.21114165450530936,0.2062888090988312,0.2180625097713407,0.21196417774244003,0.19753862431757696,0.22787342651564915,0.22900634604970874,0.1935182076083237,0.18372711066489425,0.17693451724330717,0.16733902110986507
,Sum of Total Rev (000),0.22402783099372994,0.21068859979399082,0.2049125521302484,0.1622697701076264,0.14979082693033072,0.1635421968953944,0.1655040050364979,0.17839861893137063,0.1583796776304402,0.17630343320296724,0.18881841897616028,0.18148172074700658,0.18947853703513984,0.18299513846942034,0.1607121309684473,0.18166293404436062,0.1817472120923874,0.15842914897870605,0.15133466168714424,0.1482569904465929,0.14520885195662356
,Sum of RPM,0.2334577317728096,0.23603790771465805,0.22670208460257632,0.1999037848450209,0.1769978951358932,0.19418880258866125,0.19904849770981883,0.20275391685489239,0.1818197362310389,0.20065773057644534,0.22598127926360792,0.22263826741317275,0.22513842899025008,0.21755769511844844,0.2131096020072228,0.2255434594080807,0.2306865102804152,0.1771815081581243,0.17663486051905805,0.1776486807143111,0.1778447773778685
,Sum of ASM,0.22684415673834987,0.2296801957260784,0.22721600498474925,0.20010666584463946,0.173792718330512,0.19302736133555087,0.19818583645846966,0.18720771182333176,0.1781324629307943,0.19297244540876887,0.22583350283191617,0.22053163380433702,0.22881428169643056,0.22750452465244797,0.22286218218795278,0.2235758404919026,0.23415808228110968,0.17756179716290202,0.17805415845398814,0.18226935199067934,0.18154728307392906
,Sum of AC Op Expense (000),0.20729669061635128,0.20548998919183534,0.2046441026494095,0.19507731140961468,0.16406170301256345,0.17511412433749854,0.17418479386952923,0.18251563633216042,0.17718015578766164,0.1853230475324239,0.22833208250570597,0.22258171414493147,0.2200283312028964,0.22234455561961644,0.21014862673116563,0.21529818598474215,0.22928683302253708,0.16593560019285136,0.1878090470260923,0.1931461964490407,0.19872729064395694
Domestic Operations Percentages,,,,,,,,,,,,,,,,,,,,,,
,Sum of Pax Rev (000),0.6494799652240608,0.6662853464085612,0.6589320947152364,0.6969418509824735,0.7099232088050467,0.6901328276216308,0.6775049348399141,0.6652413569418542,0.6878998628564046,0.6480700317258268,0.6152070844266784,0.6221545993803791,0.5901636506328326,0.5781001329805744,0.5763344164965678,0.529552357659936,0.517694379373251,0.4885649767213794,0.48631968574910855,0.4898514092188737,0.5033110691190853
,Sum of Total Rev (000),0.6435838748939979,0.656803509081374,0.6468844145591754,0.6848339764504673,0.696570616942977,0.6773383345541526,0.6629077134987083,0.651165623389173,0.6778892154035956,0.667852247179812,0.6567799847366129,0.6680853522310264,0.6440712483067813,0.6364981048806636,0.6594516810624065,0.6276917050429014,0.616785060729115,0.5821075381181724,0.5772166698569943,0.5737710737669479,0.5792075820614172
,Sum of RPM,0.6217358020125481,0.622181021376233,0.6181438622328347,0.633443475907655,0.6421260532639517,0.6187972250811473,0.605566361616688,0.6145204448499955,0.6413692233385175,0.6303421139975078,0.5979972276003991,0.6038670778688665,0.5951843192057564,0.5806019056061057,0.5777100377196951,0.559071836181732,0.5405147890021827,0.5234345684230511,0.5203352745897843,0.5154609033382473,0.5185375009689599
,Sum of ASM,0.6328102570018261,0.6316095477159076,0.6230593354493161,0.6320325413810439,0.6500493373732631,0.6269651705403073,0.6116831630771578,0.6341318476442358,0.6496991559074787,0.6425124919712698,0.5979767352326579,0.60660556689509,0.5917558447620358,0.5696766407865265,0.5648901618112686,0.5538532568024336,0.5237645867313038,0.5114438143288167,0.5090066254907146,0.5011313167452436,0.5017417800917882
,Sum of AC Op Expense (000),0.6709887010048378,0.671734785432608,0.6715979266003951,0.6767748464205775,0.7020151205507432,0.681103959534218,0.6637666585626095,0.6591231063611577,0.6559757413729806,0.6500402132098593,0.5938317677605723,0.6058134054167845,0.6025033260001529,0.5729449177746773,0.5802595792966726,0.5582245176817391,0.5318329757114106,0.5021240467978398,0.49918482361711164,0.48634559031934227,0.48383810844597885
Atlantic Operations Percentage of International,,,,,,,,,,,,,,,,,,,,,,
,Sum of Pax Rev (000),0.2417448543304914,0.24999589856197274,0.284414223153066,0.3399363094515845,0.37308523095780033,0.37242396764816504,0.38707444536424795,0.3925211613255591,0.40148479479368326,0.3789760709546849,0.36556140448574637,0.3603590265674401,0.38613519490782194,0.4130230987696224,0.46257812771804396,0.43909583721478357,0.42586980981343586,0.42365110880415013,0.44522700905252455,0.4479156943891802,0.45586566903635994
,Sum of Total Rev (000),0.24220581445704653,0.2520813500216345,0.2850783588648469,0.33443012823009144,0.3619849127553711,0.3622660366883138,0.38381147601443355,0.387828166716108,0.40812730141421044,0.38881764289445203,0.36672833673338123,0.3620704136747683,0.38677789348139285,0.4139984921722643,0.4568824781986932,0.43627845992796566,0.4296514069718605,0.4162912603503443,0.4406151327861866,0.44150710328539355,0.44358636578664024
,Sum of RPM,0.26380581240619316,0.25488202599298804,0.28950634583903456,0.32595792066597773,0.3784843658273964,0.37353475982300816,0.3870682676206682,0.37949882286003694,0.3931996418603109,0.37611704904285803,0.3504135729311,0.34054857409337025,0.35896089478629645,0.3987077016567671,0.4227713879155061,0.41427477889671993,0.4043701424310928,0.44479357713747814,0.44714361824225635,0.4375209119414403,0.4256672755068189
,Sum of ASM,0.24496327802688803,0.23764320260145436,0.26699751499800345,0.3045607928371743,0.35796941347195255,0.35849200912868845,0.3750836552814877,0.376080358291427,0.3852265430949965,0.3747156252705539,0.3467447133205728,0.3392363261002792,0.3521242039294345,0.38719120757551057,0.4127548716335133,0.4212726343888563,0.4109275860433618,0.45145974447574483,0.4505203285124803,0.44166048028986027,0.4324011489409338
,Sum of AC Op Expense (000),0.237483516357602,0.23490386251180906,0.2458623359843931,0.261510759235626,0.31174929249741595,0.3233281750060467,0.36059241124532543,0.355185672810489,0.3800905243703612,0.38409951512865625,0.3483848209554284,0.3383654826326881,0.35809992152294395,0.39623524433475843,0.41925152950878997,0.43073592554670476,0.4120753684403009,0.483624337296433,0.44182356998016853,0.43424693954728755,0.41392269354672606
Latin America Operations Percentage of International,,,,,,,,,,,,,,,,,,,,,,
,Sum of Pax Rev (000),0.1288556935014379,0.13544210346981658,0.1384552312584506,0.15429926396196367,0.14815703723879872,0.133973411394478,0.1311647206874041,0.10417915270672279,0.10546846712015952,0.08491357199465444,0.08572356995116807,0.09368008900590699,0.08179264968660384,0.0845729084538629,0.0711611420992867,0.07652841932909255,0.09931435504842406,0.19796610785076316,0.19710479622051472,0.20525492993345176,0.20722523010432164
,Sum of Total Rev (000),0.1292372398461177,0.13401785154640722,0.13462283649746362,0.15069911165409483,0.14435549033545045,0.13088045572374538,0.12521316897439908,0.1007583061406111,0.10017951349456257,0.08038414544818631,0.08313352860316962,0.09115733036464085,0.08087248279825433,0.08257871711754232,0.0711958530354179,0.07578469712499818,0.0960789509359378,0.20459410267994904,0.20143636050245473,0.21065871343458795,0.21132934617417357
,Sum of RPM,0.11901251136085284,0.12037988230382864,0.11680911650189889,0.1286861200041045,0.1269339616306823,0.11705446101884276,0.10828791314101725,0.09452278439227707,0.09981727675551226,0.08106285114438558,0.08744781813667891,0.09742223071776866,0.0848886405169528,0.08255437838949906,0.07257630906393042,0.07420548179935077,0.09357559171025893,0.1834180042778314,0.184609872973931,0.19584472988555096,0.20494823923049243
,Sum of ASM,0.13725215401071642,0.13888733910499712,0.1302126394023119,0.15162300505714615,0.14540995713412008,0.12405668045310317,0.11454487066921991,0.11223883369636303,0.10626065730767785,0.08548244857861607,0.09151291347968218,0.10017710925576741,0.08739188280289009,0.08412607097457576,0.075047603447997,0.07760112429978014,0.097386840483765,0.18509833754103316,0.18683901746252143,0.1929741277566822,0.20323500151259338
,Sum of AC Op Expense (000),0.13245699556566978,0.13910842976642498,0.13098659639005233,0.1349554215386357,0.13768014393645125,0.12754577099301465,0.1213602317469107,0.10938455844274765,0.10488720221561498,0.08634522015872702,0.08945382721558624,0.09697372675804897,0.08836505392240776,0.08311867305451394,0.08008516439589662,0.08191655381918632,0.09817028935468469,0.1830886277993646,0.18316972917954663,0.1897294289820493,0.20106769242376105
Pacific Operations Percentage of International,,,,,,,,,,,,,,,,,,,,,,
,Sum of Pax Rev (000),0.6293994521680707,0.6145619979682106,0.5771305455884834,0.5057644265864518,0.4787577318034009,0.49360262095735696,0.48176083394834796,0.5032996859677181,0.4930467380861572,0.5361103570506607,0.5487150255630855,0.5459608844266529,0.5320721554055742,0.5024039927765147,0.46626073018266934,0.4843757434561239,0.47481583513814,0.37838278334508674,0.35766819472696076,0.34682937567736805,0.3369091008593183
,Sum of Total Rev (000),0.6285569456968357,0.6139007984319583,0.5802988046376895,0.5148707601158137,0.49365959690917843,0.5068535075879408,0.4909753550111674,0.5114135271432809,0.491693185091227,0.5307982116573616,0.5501381346634492,0.5467722559605909,0.5323496237203528,0.5034227907101934,0.47192166876588887,0.4879368429470362,0.4742696420922016,0.37911463696970665,0.3579485067113587,0.3478341832800186,0.3450842880391862
,Sum of RPM,0.617181676232954,0.6247380917031834,0.5936845376590665,0.5453559593299178,0.49458167254192126,0.509410779158149,0.5046438192383145,0.525978392747686,0.5069830813841768,0.5428200998127564,0.5621386089322211,0.5620291951888611,0.5561504646967508,0.5187379199537339,0.5046523030205635,0.5115197393039294,0.5020542658586482,0.37178841858469047,0.36824650878381265,0.3666343581730087,0.36938448526268863
,Sum of ASM,0.6177845679623956,0.6234694582935485,0.6027898455996846,0.5438162021056795,0.49662062939392737,0.5174513104182084,0.5103714740492924,0.5116808080122099,0.5085127995973256,0.53980192615083,0.5617423731997451,0.5605865646439534,0.5604839132676754,0.5286827214499137,0.5121975249184897,0.5011262413113635,0.49168557347287317,0.363441917983222,0.36264065402499823,0.3653653919534575,0.36436384954647283
,Sum of AC Op Expense (000),0.6300594880767282,0.6259877077217659,0.6231510676255546,0.6035338192257383,0.5505705635661328,0.5491260540009386,0.5180473570077638,0.5354297687467634,0.5150222734140238,0.5295552647126167,0.5621613518289854,0.5646607906092629,0.5535350245546483,0.5206460826107276,0.5006633060953134,0.487347520634109,0.4897543422050144,0.33328703490420236,0.3750067008402849,0.3760236314706632,0.3850096140295128
Yield - Pax Revenue / RPM,,,,,,,,,,,,,,,,,,,,,,
,Yield - Atlantic,0.0989375037306751,0.10576549685725767,0.10889081217732607,0.10518548678127403,0.09833115603966709,0.10600633049009014,0.09439760968154003,0.09454751179546005,0.09038606382174849,0.09951178611320659,0.10888472469064012,0.1193420955301822,0.13771490762655514,0.1394445831798244,0.12304086757140781,0.14832297971352318,0.15710002723755095,0.14723507595766883,0.15438811599694874,0.1602765068445393,0.15739884907872448
,Yield - Latin America,0.1168958418677206,0.1213249487013737,0.13138041940999007,0.12093498424623508,0.11643283774304469,0.121690267864741,0.114338139283084,0.10074923952954809,0.0935324697706838,0.10345249953501053,0.10231488271635268,0.10844924816601549,0.12335404784056567,0.13790280090559554,0.11025998018989248,0.14431928544656114,0.15831713871987774,0.16684389717560288,0.16554713561711937,0.16407941996420866,0.14860498157099852
,Yield - Pacific,0.11010357156320134,0.1060762250105835,0.10774976617305602,0.09353798736511079,0.09656256962823095,0.1030230794692731,0.09011572838310118,0.0874694141672718,0.08608750250810156,0.09754028704565815,0.10188047897089499,0.1095569600408968,0.12248049525250652,0.13037280768653103,0.10389782553517095,0.1325127310555218,0.14107596196866753,0.15732471550226296,0.15059865268886072,0.1481000200116522,0.13405068000240805
,Yield - Domestic,0.12171114392019533,0.1307381501429392,0.1322842183198438,0.13422192677271752,0.13606274107235417,0.1458780715264236,0.12916821509074378,0.11394884221989371,0.10909784934230889,0.10665349529494485,0.11217902935919159,0.1218206972885155,0.1253881616129602,0.13323662075598036,0.11182067066595405,0.12423256454404358,0.136111108505031,0.13444772144956993,0.135320265781899,0.1413100889030643,0.138283137547752
,Yield - International,0.10796626311404169,0.10783266555251168,0.11084038195915548,0.10086019528415799,0.09975416378505145,0.10632250509919443,0.09439610308704861,0.0914107899547432,0.08852083163482702,0.09876106225809356,0.10437284939896892,0.11278135821723988,0.12802320824145885,0.13461142835288523,0.11245269768828928,0.1399386293795948,0.1491689688400467,0.1545828979420773,0.15505272455817426,0.1565569689024615,0.14697211000090846
,Yield - Total,0.1165119476056225,0.12208402335010145,0.12409575778824025,0.12199296644056899,0.1230688472181763,0.13079937984087683,0.11545292443885426,0.10526088385877594,0.10171829750049759,0.10373599518312616,0.10904092337333186,0.11823991748807695,0.12645486980780046,0.1338132124422805,0.11208756933337613,0.13115781087279385,0.14211100221624573,0.14404345052459974,0.14478523020248948,0.14869779836488237,0.14246655193906058
RASM - Pax Revenue / ASM,,,,,,,,,,,,,,,,,,,,,,
,RASM - Atlantic,0.07739548669880428,0.083372701835207,0.08588425841383412,0.08030776831206227,0.07549822017671595,0.0816411124694736,0.07000860783761356,0.0739209290128624,0.07220020962438778,0.08186128894974029,0.08962172736404685,0.09904213594887934,0.11517660202321843,0.11337291338751852,0.1001281824321885,0.12122829888596358,0.12491297367353432,0.11736021609407875,0.12550546247089653,0.1289470862913719,0.12499364165902996
,RASM - Latin America,0.07362813936793386,0.07728717282573642,0.08572859486811509,0.0732205102839728,0.07380787718532957,0.08486902853208254,0.0776830866756577,0.06573893574388709,0.06875997273592013,0.08040235129202507,0.07963072835178726,0.08718981239466787,0.09830235752339242,0.10684669992938861,0.0847167971253611,0.1146998023397069,0.12291580812303313,0.13375804453486068,0.13397542260810172,0.1352378644654215,0.12088766778367721
,RASM - Pacific,0.07990035096119912,0.07812084040276872,0.07719294519943133,0.06691602483135642,0.06983379137748054,0.07496503306581931,0.06403688210981869,0.06966466045362507,0.06716944515814417,0.08038746995334935,0.08303716040226182,0.09080416884013093,0.09970756989321941,0.100999312671049,0.0813307562426985,0.11241989650550675,0.116394837646046,0.13020508228010347,0.1252562344749532,0.12069582845432919,0.10962644589073182
,RASM - Domestic,0.08431975305104783,0.09229136151206535,0.09423513780453838,0.09633288097527488,0.09544066755804656,0.10413910845581219,0.09047616114999314,0.08120401023205774,0.08232764727031155,0.08293036488512642,0.09137428253893379,0.09956184552129202,0.10434223957505195,0.11000708161128389,0.09361591963157352,0.10546019317225928,0.1176339479801676,0.11412480171663125,0.11597827412663045,0.12153634244327938,0.11930649295098822
,RASM - International,0.07842587664888383,0.07925312370172029,0.08062495370211897,0.07195052987297701,0.07243935527936311,0.07858701098510519,0.06783988156125824,0.0708247406955336,0.06927643966848081,0.08094100505338574,0.08500859166425659,0.09323671075611124,0.10503178636281707,0.10628217979002695,0.08934359973000265,0.11630755863711044,0.12053023143305246,0.12506378968063722,0.12699760129742843,0.12714631966867973,0.11855991344539059
,RASM - Total,0.08215558208967423,0.08748819918812478,0.08910490596431525,0.08736096920500723,0.0873913430848368,0.09460728613348955,0.08168611266039451,0.07740656606392718,0.07775579823096351,0.08221919359630499,0.08881512671099638,0.09707357271603156,0.10462374302092017,0.10840416934682022,0.09175699121051054,0.11029970994667637,0.11901326072729551,0.119469111951429,0.12138869075904239,0.12433498439480402,0.11893450357550919
CASM Aircraft Operations - Expenses / ASM,,,,,,,,,,,,,,,,,,,,,,
,CASM - Atlantic,0.03342197501921224,0.036417319727859665,0.0337659141978229,0.030325877729867175,0.02995097257654862,0.03634116999736286,0.04301394929488866,0.045087463457945114,0.04555345233469753,0.048838363336492,0.056206273648808903,0.060388568936389664,0.06317417994105129,0.08753060977746456,0.05650237539160671,0.0683748723638991,0.07790343914200769,0.08845746013829318,0.08058759690526672,0.08038054346076823,0.06256221412530111
,CASM - Latin America,0.033270195708284905,0.03690064934667465,0.03688649954743041,0.031435693715075846,0.032563309575443296,0.041426738341130274,0.04740472447516855,0.04652580422193403,0.04557224882106983,0.04812608050218355,0.05468295323707114,0.05860796292454328,0.06281172435758998,0.08450848835641826,0.05936076669825433,0.07059148883251914,0.07831141417463398,0.08167783184993395,0.08056007198577132,0.08037820906152114,0.06465818369919517
,CASM - Pacific,0.03515961613474632,0.03699080982088518,0.03790715088712792,0.03919649926340443,0.03812761196457708,0.04275997007810512,0.04541548386496459,0.0499556255378552,0.0467600083013841,0.046740785415873176,0.05598339312670339,0.0609840106688323,0.06134980956470852,0.08423252630648047,0.05437415810918867,0.06503397466413902,0.07738131418890652,0.07572316417551272,0.08497599447078989,0.08413766276673162,0.06905831931904197
,CASM - Domestic,0.04079632566268497,0.04397196480438321,0.045367073895312686,0.04305333960724409,0.04361783571253756,0.051204140368138557,0.05607318537003059,0.05325924814364076,0.04746549885125813,0.049240280836006296,0.0549869700875632,0.06034341474161699,0.0649582976012208,0.08668178072719901,0.059232583556440205,0.06806737339381301,0.08024265110143,0.07955212857456764,0.07900777033492612,0.07705687137765395,0.060837036753190944
,CASM - International,0.03447463084768712,0.036842001650162846,0.03666854927721341,0.03531813907729006,0.03439152018678764,0.04029348523740062,0.044742564808561425,0.04773984625433596,0.046168998814185166,0.0476451990539333,0.05594166872634016,0.060543989608635114,0.062119974017397966,0.08553273083129499,0.05562682318434393,0.06687267278711886,0.07768644923444137,0.0825743852640928,0.08217386553963549,0.08175281434994891,0.06535513440027207
,CASM - Total,0.038475064168253026,0.04134535445323106,0.04208824624515586,0.040207037526328905,0.040389080480698024,0.04713408599215021,0.05167331463322796,0.0512398747722919,0.047011333793905485,0.048670059024631,0.05537078115119325,0.06042231977772267,0.06379956858745106,0.0861873177160897,0.05766368174439006,0.06753436160904026,0.07902529724890647,0.08102867077492128,0.08056230210350404,0.07939953026488215,0.06308821604419707
Load Factor - RPM/ASM,,,,,,,,,,,,,,,,,,,,,,
,L.F. - Atlantic,0.7822664185007951,0.7882788273356078,0.7887190544044587,0.7634871574921428,0.7677955107764596,0.7701531794566335,0.7416353875251159,0.7818389676164054,0.798798028939226,0.8226290788973808,0.8230881569354865,0.8299010965818938,0.8363408436183658,0.8130320361122635,0.8137798798767268,0.8173264798219985,0.7951174539559653,0.7970941389524646,0.812921782615554,0.8045289283503322,0.79412042966409
,L.F. - Latin America,0.6298610642733682,0.6370262147480417,0.6525218541172989,0.6054535066121886,0.6339094590154708,0.6974183722433305,0.6794153478685364,0.6525005652733185,0.7351454837501983,0.7771909973505783,0.778290765113296,0.803968804478908,0.79691229630703,0.7747971703818615,0.7683367707799305,0.794764206216765,0.7763897776128786,0.8016957575264536,0.8092886784701772,0.8242219803977945,0.8134832796700097
,L.F. - Pacific,0.7256835525570116,0.736459469546304,0.7164093987494355,0.7153887603991335,0.72319731803268,0.727652808011605,0.7106071632421839,0.7964459476132094,0.7802461820962104,0.8241463336653947,0.8150448568855249,0.8288306722478829,0.8140689641045432,0.774696153770748,0.7827955573061233,0.8483705347405729,0.8250508167500348,0.8276200078571291,0.8317221451757251,0.8149615945010209,0.8177985064213215
,L.F. - Domestic,0.6927858069129263,0.7059252514370208,0.7123687088409265,0.717713441399173,0.7014460153150525,0.7138777430091606,0.7004522055710954,0.7126356762392867,0.754622091696764,0.7775681861694893,0.8145397857415752,0.8172818555248748,0.832153835201194,0.8256519940772078,0.837196907101691,0.8488933119856105,0.8642494302793777,0.8488414715115749,0.8570650778469293,0.8600684026648,0.8627696410908324
,L.F. - International,0.7263924339591601,0.734963967510625,0.7273969313082045,0.713368932811081,0.72617876317879,0.7391380678228642,0.7186724805652072,0.7747962875126493,0.7826004160722906,0.8195639374742807,0.8144703546351238,0.826703209022526,0.8204120784469119,0.7895479684786282,0.7944993901138472,0.8311326125798818,0.8080114273786831,0.8090402712433236,0.8190607527814203,0.8121409130493241,0.806683073711453
,L.F. - Total,0.7051258156610684,0.7166228371851252,0.7180334570047578,0.7161148036150646,0.7101012568185474,0.7233007239681369,0.7075274451246732,0.7353782642351767,0.7644229223418053,0.7925811426512335,0.8145118728214832,0.8209881635431642,0.8273603316340324,0.8101155885004978,0.8186187973940496,0.8409694337888337,0.8374669017265594,0.8293963489233831,0.8384052060370673,0.8361588790286215,0.8348240478676208
Sum of RPM,,,,,,,,,,,,,,,,,,,,,,
,RPM - Atlantic,11157498000,11237956000,13423768000,14888689000,16994339000,18074430000,17807167000,16008364168,14720986220,16021187663,16097060492,15847157632,17059641839,18404221530,17938137495,18727597068,18512611558,38027555347,38297623893,37945009345,37632598616
,RPM - Latin America,5033558000,5307647000,5416180000,5877960000,5699466000,5663978000,4981811000,3987245977,3737055173,3452976019,4017118420,4533466191,4034338627,3810684022,3079403782,3354513560,4284017040,15681292779,15811741896,16985085519,18119163177
,RPM - Pacific,26103304000,27545211000,27527837000,24910072000,22207228000,24649137000,23216258000,22187298480,18980920022,23122117725,25823141259,26153582565,26431090055,23944778481,21412334556,23123627259,22984722732,31785991057,31540126523,31797209613,32656722442
,RPM - Domestic,69517332000,72607437000,75059581000,78933586000,80565024000,78546329000,70630952000,67246782422,66955206212,72635350380,68333832480,70936985195,69874212105,63902055994,58045815334,57318304795,53854828974,93903064060,92911672966,92261976418,95216376295
,RPM - International,42294360000,44090814000,46367785000,45676721000,44901033000,48387545000,46005236000,42182908625,37438961415,42596281407,45937320171,46534206388,47525070521,46159684033,42429875833,45205737887,45781351330,85494839183,85649492312,86727304477,88408484235
,RPM - Total,111811692000,116698251000,121427366000,124610307000,125466057000,126933874000,116636188000,109429691047,104394167627,115231631787,114271152651,117471191583,117399282626,110061740027,100475691167,102524042682,99636180304,179397903243,178561165278,178989280895,183624860530
Sum of ASM,,,,,,,,,,,,,,,,,,,,,,
,ASM - Atlantic,14263041000,14256321000,17019708000,19500903000,22133939000,23468617000,24010676000,20475270268,18428921563,19475591216,19556909374,19095236405,20397953740,22636526868,22042984766,22913239116,23282864017,47707734242,47111080933,47164257254,47389032205
,ASM - Latin America,7991537000,8331913000,8300381000,9708359000,8990978000,8121349000,7332497000,6110716510,5083422609,4442892456,5161462271,5638858331,5062462514,4918298837,4007882870,4220765774,5517868941,19560154375,19537826633,20607416355,22273553286
,ASM - Pacific,35970643000,37402209000,38424729000,34820329000,30707011000,33874860000,32671016000,27857883572,24326834860,28055840062,31683092091,31554795739,32467875844,30908606380,27353674093,27256518599,27858554001,38406503897,37921470176,39016819722,39932479927
,ASM - Domestic,100344625000,102854285000,105366196000,109979250000,114855630000,110027704000,100836219000,94363480056,88726803719,93413480222,83892565687,86796231576,83967902507,77395871932,69333528160,67521211424,62313988401,110624972049,108406788898,107272835663,110361296643
,ASM - International,58225221000,59990443000,63744818000,64029591000,61831928000,65464826000,64014189000,54443870350,47839179032,51974323734,56401463736,56288890475,57928292098,58463432085,53404541729,54390523489,56659286959,105674392514,104570377742,106788493331,109595065418
,ASM - Total,158569846000,162844728000,169111014000,174008841000,176687558000,175492530000,164850408000,148807350406,136565982751,145387803956,140294029423,143085122051,141896194605,135859304017,122738069889,121911734913,118973275360,216299364563,212977166640,214061328994,219956362061
Sum of Pax Rev,,,,,,,,,,,,,,,,,,,,,,
,Pax Rev - Atlantic,1103895,1188588,1461725,1566074,1671073,1916004,1680954,1513551,1330572,1594297,1752724,1891233,2349367,2566369,2207124,2777733,2908331.7800000003,5598990,5912698,6081693.550000001,5923327.71
,Pax Rev - Latin America,588402,643950,711580,710851,663605,689251,569611,401712,349536,357219,411011,491651,497652,525504,339535,484121,678233.32,2616328,2617588.58,2786902.98,2692597.91
,Pax Rev - Pacific,2874067,2921892,2966118,2330038,2144387,2539430,2092150,1940710,1634020,2255338,2630874,2865307,3237293,3121748,2224695,3064175,3242591.87,5000722,4749900.5600000005,4709167.38,4377655.85
,Pax Rev - Domestic,8461034,9492562,9929198,10594618,10961898,11458187,9123274,7662693,7304669,7746814,7665623,8641593,8761399,8514094,6490722,7120800,7330240.470000001,12625053,12572832.280000001,13037548.09,13166819.26
,Pax Rev - International,4566364,4754430,5139423,4606963,4479065,5144685,4342715,3855973,3314128,4206854,4794609,5248191,6084312,6213621,4771354,6326029,6829156.970000001,13216040,13280187.14,13577763.91,12993581.47
,Pax Rev - Total,13027398,14246992,15068621,15201581,15440963,16602872,13465989,11518666,10618797,11953668,12460232,13889784,14845711,14727715,11262076,13446829,14159397.440000001,25841093,25853019.42,26615312,26160400.73
Sum of Aircraft Expense,,,,,,,,,,,,,,,,,,,,,,
,Expense - Atlantic,476699,519177,574686,591382,662933,852877,1032794,923178,839501,951156,1099221,1153134,1288624,1981389,1245481,1566689.8,1813815.1800000002,4220105,3796568.8000000003,3791088.63,2964762.78
,Expense - Latin America,265880,307453,306172,305189,292776,336441,347595,284306,231663,213819,282244,330482,317982,415638,237911,297950.14,432112.12,1597631,1573968.7200000002,1656387.22,1440167.5000000002
,Expense - Pacific,1264714,1383538,1456572,1364835,1170785,1448488,1483770,1391658,1137523,1311352,1773727,1924338,1991898,2603510,1487333,1772599.74,2155731.52,2908262,3222414.64,3282784.0199999996,2757669.9499999997
,Expense - Domestic,4093692,4522705,4780156,4734974,5009754,5633874,5654208,5025728,4211462,4599706,4612998,5237581,5454412,6708812,4106804,4595991.510000001,5000239.629999999,8800452,8564978.680000002,8266109.100000001,6714054.259999999
,Expense - International,2007293,2210168,2337430,2261406,2126494,2637806,2864159,2599142,2208687,2476327,3155192,3407954,3598504,5000537,2970725,3637239.6799999997,4401658.82,8725998,8592952.16,8730259.87,7162600.23
,Expense - Total,6100985,6732873,7117586,6996380,7136248,8271680,8518367,7624870,6420149,7076033,7768190,8645535,9052916,11709349,7077529,8233231.19,9401898.45,17526450,17157930.840000004,16996368.97,13876654.489999998
RPM Percentage,,,,,,,,,,,,,,,,,,,,,,
,RPM - Atlantic,0.09978829405425686,0.09629926673022718,0.11054977508117898,0.11948200239968913,0.1354496937765407,0.14239248697317786,0.1526727451003457,0.14628903741603744,0.14101349294338006,0.13903463323867857,0.14086722780475194,0.13490250178319757,0.14531299900142544,0.16721725029501747,0.17853211345603123,0.1826654175751497,0.18580210021616808,0.21197324305117715,0.2144790208631022,0.2119959874427317,0.20494283022124726
,RPM - Latin America,0.04501817216038552,0.04548180417888183,0.044604278083409964,0.047170736847634925,0.0454263578236144,0.044621485357013525,0.0427123955731475,0.036436600879074764,0.03579754748706351,0.029965522187368275,0.035154265331241025,0.03859215293476317,0.03436425280256806,0.03462314898042839,0.03064824681705093,0.03271928683503764,0.042996600501233925,0.08741068036764736,0.08855084402805541,0.09489442850470982,0.09867489143192434
,RPM - Pacific,0.2334577317728096,0.23603790771465805,0.22670208460257632,0.1999037848450209,0.1769978951358932,0.19418880258866125,0.19904849770981883,0.20275391685489239,0.1818197362310389,0.20065773057644534,0.22598127926360792,0.22263826741317275,0.22513842899025008,0.21755769511844844,0.2131096020072228,0.2255434594080807,0.2306865102804152,0.1771815081581243,0.17663486051905805,0.1776486807143111,0.1778447773778685
,RPM - Domestic,0.6217358020125481,0.622181021376233,0.6181438622328347,0.633443475907655,0.6421260532639517,0.6187972250811473,0.605566361616688,0.6145204448499955,0.6413692233385175,0.6303421139975078,0.5979972276003991,0.6038670778688665,0.5951843192057564,0.5806019056061057,0.5777100377196951,0.559071836181732,0.5405147890021827,0.5234345684230511,0.5203352745897843,0.5154609033382473,0.5185375009689599
,RPM - International,0.378264197987452,0.377818978623767,0.38185613776716526,0.36655652409234496,0.3578739467360483,0.3812027749188526,0.394433638383312,0.3854795551500046,0.35863077666148246,0.36965788600249216,0.40200277239960086,0.3961329221311335,0.40481568079424357,0.4193980943938943,0.42228996228030496,0.44092816381826805,0.4594852109978172,0.4765654315769488,0.47966472541021565,0.48453909666175266,0.4814624990310401
ASM Percentage,,,,,,,,,,,,,,,,,,,,,,
,ASM - Atlantic,0.08994800310268322,0.08754548688858997,0.1006422207367286,0.11206846093526937,0.12527163344461414,0.1337300054879829,0.145651298600365,0.13759582582537822,0.1349451832130213,0.13395615509739778,0.13939944168995272,0.1334536821948117,0.1437526481720126,0.16661742110181504,0.1795937054080686,0.18794941383084737,0.19569826876286817,0.22056345074515696,0.22120249638137454,0.22033058224786592,0.21544742675757525
,ASM - Latin America,0.050397583157140734,0.051164769669423994,0.049082438829206,0.055792331839047186,0.05088631085161073,0.04627746263615893,0.04447970186400752,0.041064614707054234,0.03722319794870569,0.03055890752256353,0.03679032024547313,0.03940911710576125,0.03567722536952104,0.03620141345921054,0.032653950592710056,0.03462148887481643,0.04637906222471843,0.09043093776312436,0.09173671967392269,0.0962687490162112,0.10126351007670752
,ASM - Pacific,0.22684415673834987,0.2296801957260784,0.22721600498474925,0.20010666584463946,0.173792718330512,0.19302736133555087,0.19818583645846966,0.18720771182333176,0.1781324629307943,0.19297244540876887,0.22583350283191617,0.22053163380433702,0.22881428169643056,0.22750452465244797,0.22286218218795278,0.2235758404919026,0.23415808228110968,0.17756179716290202,0.17805415845398814,0.18226935199067934,0.18154728307392906
,ASM - Domestic,0.6328102570018261,0.6316095477159076,0.6230593354493161,0.6320325413810439,0.6500493373732631,0.6269651705403073,0.6116831630771578,0.6341318476442358,0.6496991559074787,0.6425124919712698,0.5979767352326579,0.60660556689509,0.5917558447620358,0.5696766407865265,0.5648901618112686,0.5538532568024336,0.5237645867313038,0.5114438143288167,0.5090066254907146,0.5011313167452436,0.5017417800917882
,ASM - International,0.3671897429981738,0.36839045228409234,0.37694066455068387,0.367967458618956,0.34995066262673685,0.3730348294596927,0.3883168369228422,0.3658681523557642,0.35030084409252127,0.3574875080287302,0.402023264767342,0.39339443310490996,0.4082441552379642,0.43032335921347353,0.43510983818873145,0.4461467431975664,0.4762354132686963,0.4885561856711833,0.4909933745092854,0.4988686832547565,0.49825821990821184
Pax Rev Percentage,,,,,,,,,,,,,,,,,,,,,,
,Pax Rev - Atlantic,0.08473641474682818,0.0834272946878892,0.09700456332400954,0.1030204687262463,0.10822336663846678,0.11540196178107016,0.12482959847954725,0.1313998513369517,0.12530345951617683,0.1333730366277531,0.14066543865314868,0.136160000760271,0.1582522386432014,0.17425439044685478,0.1959784323955903,0.20657160137903144,0.20539940292826472,0.21667001469326394,0.2287043499230853,0.22850356028138993,0.22642343177898253
,Pax Rev - Latin America,0.04516650216720177,0.04519901464112565,0.047222635701037276,0.046761649331079444,0.042976917955181944,0.04151396216269089,0.042299975144788844,0.034874871795049875,0.03291672305252657,0.02988363069812546,0.032985822414863544,0.03539659076051867,0.033521600952625304,0.03568129883013081,0.030148526790264956,0.03600261444538337,0.04789987164877547,0.10124680097703298,0.10124885366291192,0.10471051325642923,0.10292647799206706
,Pax Rev - Pacific,0.22061711786190918,0.20508834426242395,0.1968407062597168,0.1532760309602008,0.1388765066013046,0.1529512484346082,0.1553654915357498,0.16848391992614423,0.15387995457489206,0.1886733009482947,0.21114165450530936,0.2062888090988312,0.2180625097713407,0.21196417774244003,0.19753862431757696,0.22787342651564915,0.22900634604970874,0.1935182076083237,0.18372711066489425,0.17693451724330717,0.16733902110986507
,Pax Rev - Domestic,0.6494799652240608,0.6662853464085612,0.6589320947152364,0.6969418509824735,0.7099232088050467,0.6901328276216308,0.6775049348399141,0.6652413569418542,0.6878998628564046,0.6480700317258268,0.6152070844266784,0.6221545993803791,0.5901636506328326,0.5781001329805744,0.5763344164965678,0.529552357659936,0.517694379373251,0.4885649767213794,0.48631968574910855,0.4898514092188737,0.5033110691190853
,Pax Rev - International,0.3505200347759391,0.3337146535914388,0.3410679052847636,0.30305814901752653,0.29007679119495333,0.30986717237836925,0.3224950651600859,0.3347586430581458,0.31210013714359547,0.3519299682741733,0.38479291557332157,0.37784540061962085,0.4098363493671674,0.4218998670194256,0.42366558350343225,0.470447642340064,0.4823056206267489,0.5114350232786206,0.5136803142508914,0.5101485907811263,0.4966889308809147
Aircraft Expense Percentage,,,,,,,,,,,,,,,,,,,,,,
,Expense - Atlantic,0.0781347602067535,0.07711076683014814,0.08074170090814498,0.08452685531660659,0.09289657534323359,0.10310807478045572,0.12124319132998145,0.12107458881266173,0.13076036085766857,0.13441938442062099,0.14150284686651587,0.13337913732348547,0.1423435277649765,0.1692142748499511,0.17597681337653298,0.19028857126019802,0.19292009902531976,0.24078492792322462,0.22127194912973547,0.22305285538879427,0.21365112045821358
,Expense - Latin America,0.04357984817205746,0.04566445854540847,0.043016269842050384,0.043620986853201225,0.04102660109345976,0.04067384134782777,0.04080535623787986,0.03728666849402022,0.03608374198168921,0.03021735483709587,0.036333302867205874,0.038225743114798566,0.035124815031974226,0.035496251755755166,0.033614980595628785,0.03618872507332082,0.04596009224073251,0.09115542508608418,0.09173418022706052,0.09745535784282283,0.10378348045185064
,Expense - Pacific,0.20729669061635128,0.20548998919183534,0.2046441026494095,0.19507731140961468,0.16406170301256345,0.17511412433749854,0.17418479386952923,0.18251563633216042,0.17718015578766164,0.1853230475324239,0.22833208250570597,0.22258171414493147,0.2200283312028964,0.22234455561961644,0.21014862673116563,0.21529818598474215,0.22928683302253708,0.16593560019285136,0.1878090470260923,0.1931461964490407,0.19872729064395694
,Expense - Domestic,0.6709887010048378,0.671734785432608,0.6715979266003951,0.6767748464205775,0.7020151205507432,0.681103959534218,0.6637666585626095,0.6591231063611577,0.6559757413729806,0.6500402132098593,0.5938317677605723,0.6058134054167845,0.6025033260001529,0.5729449177746773,0.5802595792966726,0.5582245176817391,0.5318329757114106,0.5021240467978398,0.49918482361711164,0.48634559031934227,0.48383810844597885
,Expense - International,0.32901129899516224,0.32826521456739194,0.32840207339960487,0.3232251535794225,0.29798487944925683,0.318896040465782,0.33623334143739053,0.3408768936388424,0.3440242586270194,0.3499597867901407,0.4061682322394277,0.3941865945832155,0.3974966739998471,0.4270550822253227,0.4197404207033274,0.44177548231826097,0.46816702428858936,0.49787595320216016,0.5008151763828883,0.5136544096806578,0.5161618915540211
