column_a,1995,1996,1997,1998,1999,2000,2001,2002,2003,2004,2005,2006,2007,2008,2009,2010,2011,2012,2013,2014,2015
Small Narrowbodies,2086.825877340509,2243.532228080893,2334.4597242739687,2311.363195238198,2339.992228374304,2646.3128983448664,2937.5502559917904,2785.7485701378637,2398.712679596481,2428.1108931348886,2790.927046870862,3186.917887635712,3375.055773152981,4409.3964423285415,3087.0448233596576,3759.2167024238743,4401.86562307472,4665.110487820608,4717.30994377979,4831.989377425973,3783.754200295198
(Ex Fuel),1584.7982957730687,1645.7144155647788,1756.7589916748138,1822.048351269167,1881.058056011451,1976.895398572549,2210.0051649332513,2206.4678573445303,1700.5686347770315,1519.6131122510023,1484.0556957770807,1634.968904817118,1770.3565288724844,1773.6175900111261,1803.075108994151,1982.0293489668763,2149.8374565049494,2173.1636146344863,2397.2893387650447,2624.4971714905564,2349.4404264673553
Pilots,523.2909519004372,548.6600365504167,576.4818874441721,594.5558455002265,597.0051368150436,670.058206882888,850.1837507966505,904.6207336059954,634.3304755073457,528.3347988172311,462.6055251180892,462.3368820491198,467.9837911122054,515.5460029218737,581.2312848121887,565.7029512150293,531.6721536232136,615.4965930344434,785.2210245557403,913.9358931582835,925.1067581572088
Salaries and Wages,388.0372239040251,409.9546135068735,444.0713735049766,438.5024477560439,437.3966037667791,483.58607444665114,552.6904026690878,568.4438098464865,370.5306924916633,326.98205905868457,291.5551187593001,292.76272794350166,295.8433814604126,324.9654316043409,354.000589576901,357.5436773297009,366.69836779674256,413.8992612208743,528.1583695709722,615.3541487069779,648.8904468800049
Pilot Training,25.325709160219755,19.566971078674293,20.533449331788603,19.010114516163817,20.753027900792084,20.102385315823867,25.45963226015607,23.021990432629092,11.297770016603495,8.824238787149067,10.905370147599553,8.625487509223147,10.486965478165416,9.399522973912857,13.398910834251314,6.95070314875285,6.629365774927761,4.065720148413922,12.906966927520429,14.905527633638954,22.02322331438621
Benefits and Payroll Taxes,69.74055387375266,76.14932357257163,66.91072282255251,90.61657572947443,88.73589753259083,114.99893748072687,210.86371808824293,259.3324217710123,213.11516352745372,157.70537506575687,123.69453050961572,120.61768736165278,117.82192801473379,134.65856377943052,167.49569453710455,155.7849551760921,115.19241949619499,172.5489525078083,189.40342758696679,198.0706500816018,205.77418898973085
Per Diem/ Personnel,40.18746496243973,42.98912839229732,44.96634178485445,46.42670749854429,50.11960761488152,51.37080963968614,61.16999777916379,53.82251155586748,39.386849471625204,34.82312590564056,36.450505701573846,40.33097923474228,43.83151615889355,46.52248456418939,46.33608986393186,45.423615560483505,43.15200055534826,24.982659157346923,54.752260470280845,85.60556673606466,48.418898973086705
Purchased Goods,562.8173562058527,692.7116790904872,665.3671394177968,571.5197653604779,543.7309705842328,768.6767720504705,796.1663772205171,652.2067068399442,769.7668517493611,980.7762063654543,1384.0045353065746,1633.3519553072626,1680.5335300132135,2725.50857308061,1356.9019285370734,1858.1267917968555,2334.893034717945,2583.389381218189,2409.8302375729577,2297.195676690878,1537.636183776654
Fuel/Oil,502.0275815674403,597.8178125161143,577.700732599155,489.314843969031,458.93417236285296,669.4174997723173,727.545091058539,579.2807127933335,698.1440448194495,908.4977808838862,1306.8713510937812,1551.9489828185938,1604.6992442804967,2635.7788523174154,1283.9697143655067,1777.187353456998,2252.0281665697707,2491.9468731861216,2320.0206050147453,2207.492205935416,1434.3137738278429
Insurance,6.711963224576746,4.762391701254968,3.617773604896054,2.208371972654144,2.0043908045600096,2.2776259005450004,6.180901999858752,16.645087647120512,9.436619999720278,5.853073053264484,5.234109674859788,4.375461157373247,3.761932766875209,1.9491006292810602,3.040975594619335,4.130550168594235,3.297675346875732,9.460795217481149,1.5799610507985158,1.6092233412796304,2.1095531199949753
Other (inc. Tax),54.07781141383563,90.13147487311797,84.04863321374582,79.99654941879272,82.79240741681983,96.98164637760817,62.440384162119344,56.28090639949017,62.18618693019139,66.42535242830365,71.89907453793373,77.02751133129546,72.07235296584156,87.78062013391329,69.89123857694754,76.80888817126358,79.56719280129812,81.98171281458657,88.22967150741424,88.09424741418225,101.21285682881638
Maintenance,551.6376275367194,587.9049759083636,695.7529922002524,736.8371110008842,787.6468861850335,757.1983683538621,807.8806500498199,710.4095576906012,593.6179437638987,552.95872652931,613.9128825468341,720.6461473595447,833.3277784168919,750.2757770039302,712.1313204971065,913.3642236677791,1103.0037919873657,961.4158024762855,993.0795053079377,1075.8312284955528,774.1600508746035
Labor,125.01222110102029,122.83894131394466,125.75725600485815,129.10694645129288,134.48929433966595,133.36773871932076,126.63871759897825,158.23874865887402,96.22035696517662,74.30478140234464,67.4690670606342,67.85495941815115,68.02335645253719,73.63097896985589,109.86765550090765,161.19932940204447,60.0356464167021,112.16596667136109,110.53475736879685,94.79193433208074,109.00160160788873
Materials,85.3449938333894,100.32923342886085,123.96818081977027,147.9928400439949,161.66703010767145,140.5832831366208,131.0957061280614,82.06884312254464,66.00938666965037,70.07260317418115,68.60395733152941,74.04237377463897,101.1475023841343,87.21662505820642,52.300125672971,45.32910659656078,82.96345981968535,99.99118150696201,82.67079625503855,91.9348151995205,57.30113368715258
Third Party,30.730799416974996,29.318992844613533,64.95281820256947,95.65787487329897,126.11676129795987,125.13361379581416,167.11324477784405,123.11334833781048,156.98895298073714,200.39748481182616,279.2702240743518,352.1503109518288,424.52212487380484,380.7855408724625,369.58714101748564,520.9824844073951,734.1067309945073,504.0690106308908,577.76339719457,653.4610326965726,366.3277486417737
Total Direct,241.0736629667003,252.48716758741904,314.6782550271979,369.7297763592055,420.3465751560474,392.7207044263115,416.5990914142132,362.04149625291416,316.95694479687194,338.93319102630085,412.66928957145393,493.8663434173079,593.5661165865863,538.019310907025,531.7549221913642,727.5109032287985,877.1056983938287,716.2208940372509,769.5611561130356,840.1877520332506,532.3361806362466
Burden,310.56396457001904,335.41780832094446,381.0747371730545,367.10733464167873,367.3003110289862,364.47766392755057,391.2815586356067,348.36806143768706,276.6609989670268,214.02553550300914,201.2435929753802,226.77980394223675,239.76166183030554,212.25646609690526,180.37639830574216,185.8533376161823,225.89809359353717,245.1949084390346,223.518349194902,235.64356704707242,241.8239644505857
Aircraft Ownership,445.1772620248907,410.76043570334207,387.460107585696,396.06202419720074,407.670135478783,444.1410450396328,485.12763001038945,511.78174132604084,398.8865068122286,358.0715244767463,314.76559250951146,366.16422472857596,390.63140047327886,413.9830493412751,435.3932322777838,379.1752366588969,229.32733441510547,294.62848478546715,279.5660927311518,292.57384545936293,290.6123480827811
Rentals,329.5535373920843,287.57014891978747,282.4387239595671,272.87196187107764,257.115382408253,251.76114566739793,268.1817137537833,333.3040907367521,238.67975232618778,199.08044841908156,145.16171920453445,192.77853905344156,199.2104134255521,218.70804842300578,214.67581028035934,201.9373650516089,200.42553560736877,268.9653538519046,252.76316109544277,268.27256353389305,267.79102157460034
Depreciation and Amortization,115.62372463280637,123.19028678355458,105.02138362612894,123.19006232612305,150.55475307052996,192.37989937223486,216.94591625660613,178.47765058928874,160.20675448604086,158.99107605766474,169.60387330497704,173.3856856751344,191.42098704772675,195.27500091826928,220.71742199742448,177.23787160728796,28.9017988077367,25.663130933562528,26.80293163570906,24.30128192546987,22.82132650818076
Other,3.902679672609037,3.4951008282838347,9.397597626051416,12.388449179408656,3.93909931121098,6.238506018013297,-1.8081520855864326,6.729830675282141,2.110901763646935,7.969636946146791,15.638511389852358,4.418678191209023,2.5792731373917195,4.083039980852604,1.3870572355049415,42.847499085313494,202.96930833109158,210.18022630622283,249.61308361200133,252.4527336218952,256.23885940395127
Indicies,,,,,,,,,,,,,,,,,,,,,
Aircraft In Fleet,329.2986301369863,332.42622950819674,331.6246575342466,324.87397260273974,335.8712328767123,347.1366120218579,349.2821917808219,303.0794520547945,304.7945205479452,293.2978142076503,248.66575342465754,246.0054794520548,239.18356164383562,232.1123287671233,172.65205479452055,152.42191780821918,152,207.44535519125682,190.06027397260274,187.9972602739726,190.1013698630137
Seats Per Departure,127.15617348849864,127.61111341650476,128.47082885143698,130.77564205445324,131.27158072132193,127.54040851632368,126.75854155432826,126.62673498141699,126.74106191403203,128.07952982320967,131.02931509804992,131.56170256983847,131.3605399511409,131.87036416600185,134.5130272225877,133.90507697688213,134.03459309579478,130.10938440366155,131.28437321039303,135.49709629687652,137.77423634677993
Average Stage Length,691.6831414528936,715.6436172416651,721.4623133533522,742.3458017143655,760.2706743888659,767.0721646463393,793.1906523075777,819.5872043847481,883.150572901441,906.3966462370987,952.6113182942898,941.5029737640502,926.3282044729824,916.6605776945707,925.3134585712081,994.646895999288,1054.4180388162733,1114.3244399793025,1141.7084109645248,1125.0473680963753,1032.2038485901628
Gallons of Fuel Per Block Hour,920.5529059311582,932.2791387316429,922.6878808891109,912.8389544738942,899.8875278524243,909.6954172664974,886.4979216887205,811.2726055355226,718.3701310896969,755.7187609792597,764.7896974937751,755.8831116264362,747.3836311306119,740.9259235123149,759.6776224535708,776.4154581073816,779.7488524248761,763.6776827632682,766.7194069189923,763.9536055003073,758.4407954652514
Load Factor,0.6763796635102628,0.6962653184948229,0.6955418458569864,0.7013275474014578,0.6825283264751805,0.6961400496279158,0.6942823245434021,0.7124396965440897,0.7537432203768027,0.7773270415071639,0.8081421649636282,0.8175123931839584,0.8256550093005541,0.8216422749423348,0.8181903771611247,0.8302438638647583,0.8446319878871302,0.8307216577499209,0.8441696520450047,0.8540797042317821,0.8554539141895549
Daily Utilization per Aircraft,,,,,,,,,,,,,,,,,,,,,
Block Hours,9.27562939913806,9.404058585659335,9.591095726312137,9.77597213671898,9.95017660062157,9.852202247898498,9.218381337851406,8.964636968469772,8.997698876404495,9.810446495943063,10.358615294778708,10.565529223093371,10.653902545187968,9.961863056385075,10.227712717001491,10.464230506524787,10.385994953136265,10.006809351333553,10.074078879086663,9.65276381177225,9.178376352919136
Airborne Hours,7.752566683861092,7.875217805832264,8.011161322835687,8.166800192276877,8.242893150506147,8.096275540723484,7.666690198293174,7.513405770899625,8.259433707865169,8.210737142165128,8.752178751253263,10.210931931575196,10.690213282628118,9.972946494965829,10.261306293439969,10.495164827263903,10.420079307858689,10.030385248600593,10.107853312575678,9.66395604715895,9.178059290645221
Departures,4.8295505599281165,4.760890291613242,4.809166990243137,4.76860995623171,4.713980406711639,4.565878537921481,4.209886420682731,4.007765041943882,3.7820494382022476,3.97315248679516,4.038617057611582,4.16635112259444,4.213568990401136,3.97197861215047,4.113745279126599,4.039076823525183,3.822566690699351,3.4872176489957196,3.4429308654788673,3.30733470321631,3.3672589966420223
Large Narrowbodies,2654.1219588363883,2885.9423354291234,3022.4418722658734,2754.9892345853114,2683.5805425230537,2938.6258174602563,3722.5255518194226,3763.16319268209,3492.7390899493307,3640.3378886136547,3799.7148570582135,3965.758630049103,4333.932267968684,5975.947948866781,4343.657220530007,4967.603139381986,5886.1051741347055,5219.687881769053,5234.82923378704,5056.871066738589,4125.55941080294
(Ex Fuel),2083.1226835893535,2209.177600716956,2363.2896585246,2193.4249128064366,2149.5214863945666,2178.095024848733,2845.6403768685286,2985.9755181203905,2563.0031485224363,2383.896017144925,2006.1154961169773,1874.6391294692426,2197.3365024451487,2453.0716378018656,2596.994185934529,2596.8848071444227,2872.6302200068135,2153.9355835735037,2383.82822304522,2380.862163282348,2406.096092537861
Pilots,650.686747626876,677.5096971139709,744.2352991448427,720.41147807255,733.0863317777385,800.2656021989392,948.15005937122,1031.151022630285,733.8237263432605,652.664978151354,541.1208921429629,542.5740864115281,566.4752997465913,600.0782926796345,649.7912934851099,640.8503999561691,607.381883057503,619.2411209034777,791.2014386942075,925.8228420966017,931.6949401368512
Salaries and Wages,495.2743749742212,516.7770573985129,582.5005207860397,539.4593369511842,545.891709667694,584.8086866331575,629.2960903774234,654.4039878753165,439.566120528304,392.858136881071,349.5222929936306,352.6439164014114,368.3319111858132,382.03857939282676,401.36312732335614,409.14820293666446,428.8639854643692,413.2939713275934,542.0467752266873,620.8744754381635,648.324442914269
Pilot Training,28.221173392727724,22.304062285578254,25.686769898032765,20.009821080066985,23.17446000593003,22.80781673448273,24.922040594378046,25.90814616538454,20.077669781970272,14.325475242840046,9.376917705313499,6.723912453426111,10.788557169041352,9.75418798342355,11.928051971636826,8.464223098838483,9.728532749995518,2.8087962740521886,3.7439612784501555,19.28550639835919,29.450135405628163
Benefits and Payroll Taxes,92.01121894021082,97.17558427737247,91.00936346592457,114.45587439090417,113.92884461575645,141.27617738726704,236.1781580495167,299.31181929798197,235.06476115140626,208.51123048234018,145.76676471210615,143.2501788930836,143.3627816689911,161.2721210566812,189.4757985741369,176.97035941266708,125.46807480590273,174.94799473527922,189.80788993052303,199.72327363156788,205.47669935181165
Per Diem/ Personnel,35.17998031971623,41.252993152507244,45.038644994845555,46.486445650394735,50.09131748835795,51.3729214440318,57.753770349901785,51.52706929160204,39.11517488158005,36.97013554510284,36.45491673191273,39.95607866360698,43.99204972274568,47.01340424670293,47.024315615980015,46.26761450799912,43.32129003723559,28.190358566552955,55.60281225854715,85.93958662851115,48.443662465142545
Purchased Goods,643.5334947823678,783.5716186128576,756.0344413167608,650.1328364034702,631.2492680897079,864.2983803927928,961.1312714319007,873.2239011651152,1021.4604036710962,1353.6725208049209,1896.5206212836194,2200.2837614429886,2236.40989814674,3644.1543715662588,1843.532024136764,2477.5224085031778,3124.256064980007,3165.863121985723,2951.0988514716432,2775.422095138832,1836.1615969666755
Fuel/Oil,570.9992752470347,676.7647347121673,659.1522137412735,561.5643217788746,534.0590561284873,760.5307926115233,876.8851749508939,777.1876745616995,929.7359414268942,1256.44187146873,1793.5993609412362,2091.1195005798604,2136.595765523535,3522.8763110649156,1746.6630345954782,2370.718332237563,3013.474954127892,3065.7522981955494,2851.0010107418198,2676.0089034562416,1719.4633182650791
Insurance,13.351953003010966,10.90557741587666,7.160140371867939,4.404376676193953,3.8221289806576353,4.588844192911613,9.35235431856266,19.749396743121736,11.052528316459204,6.498928442205461,3.9253443934231966,4.187331902188665,3.041934876814527,1.5874515732778984,2.2040068348976005,2.759204470742932,2.382420971472629,9.276274178214422,2.1866354739657172,1.9700515952470206,2.1633079811073004
Other (inc. Tax),59.18226653232222,95.90130648481369,89.72208720361932,84.16413794840156,93.36808298056296,99.17874358835778,74.8937421624441,76.28682986029393,80.67193392774281,90.73172089398535,98.99591594895995,104.97692896093962,96.77219774639028,119.69060892806523,94.66498270638832,104.0448717948718,108.39868988064286,90.8345496119592,97.91120525585748,97.44314008734317,114.53497072048907
Maintenance,532.3605145156823,651.548037472169,774.9082615360785,711.1267800707622,738.9690218190244,734.0066040236674,1031.9217409639223,1116.6050886241774,1147.613071195224,1155.3897965431825,938.7286539560276,834.179682680682,1108.0660254542925,1261.7054305422444,1333.503930616434,1322.9860563225948,1577.6050874707885,867.1051833554798,842.1198082355492,770.4475194358351,814.8680670753428
Labor,81.29901657504139,120.91916037696218,129.4300197097486,125.87602775084676,121.33639967409748,120.53758708637992,173.8411514687441,215.74904513864274,155.10599402683874,101.27195301845306,75.71629599847641,84.3388358378365,85.71295993153069,96.839945465099,223.8291385662674,391.1016053035283,119.28600885765003,79.881346867436,87.53236140317999,83.56097107557652,102.40318534847013
Materials,121.91169798424399,128.11953005755254,175.13366841686386,126.12029563969227,166.82073118772533,155.73759943997055,203.78200219729,210.42677411397088,287.1383948452677,224.00846113167637,126.14004274499015,123.0710390603795,198.16916766990366,239.40821533186647,269.8408767599724,169.89384724961647,318.3174051030105,144.27729419817373,117.35883024299278,82.13310385181528,73.526165255974
Third Party,51.548791194546084,44.574517244759356,59.6633852695001,68.41263645635286,70.3879685160223,75.31572431933003,97.08859073808969,112.33195999648396,121.71795342927348,393.68476717971555,474.7709334066911,312.7791348977225,459.8039240959911,527.7439559401196,384.0392483813895,349.630698005698,629.0871599935449,374.5292745728322,406.1020542021822,368.02969698077897,406.4434076014946
Total Direct,248.6963285075392,293.61320767927407,364.22707339611253,320.4089598468919,358.54509937784513,351.59091084568047,470.1229594611091,538.5077792490976,560.0321392201256,718.965181329845,644.3410500031741,520.1890097959385,743.6860516974255,863.9921167370851,877.7092637076292,910.6261505588428,1066.6904544177678,598.687915638442,606.8606481957951,531.7878149275748,570.5646347625075
Burden,283.66418600814313,357.93482979289485,410.6811881399659,390.71782022387026,380.42392244117934,382.41569317798695,561.7987815028132,578.0973093750797,587.5809319750983,436.4246152133374,294.38760395285357,313.9906728847435,364.3799737568669,397.7133138051592,455.79466690880474,412.35996055226826,510.91460316891096,268.4172677170378,235.25916772016282,238.65966641371892,244.30346212144923
Aircraft Ownership,820.938879166593,768.8796157562349,737.1739745856413,660.805076742927,574.649866574311,580.5569925183567,768.8240059482195,734.0083761260559,589.8917169880069,464.7304405911659,402.63876251137395,385.28388481752904,418.45938888043906,466.8700476505447,516.1613410047079,491.5046296296296,423.85753049673366,328.7205326473338,295.49946467549506,274.4271571415075,216.60672154432467
Rentals,563.7870993972176,522.745158444541,505.95565573639146,401.97428891602976,374.4291099721687,397.0546980962602,489.5600981012307,479.03841846036937,308.94136772312936,234.33716496423503,168.48033095626045,238.81363041922668,242.48345625671868,273.48712895344283,263.49851002534194,261.9572923515231,287.2073299743595,293.35458965660376,261.8626758237623,244.29265293434634,186.28221007024396
Depreciation and Amortization,257.15177976937537,246.13445731169395,231.2183188492498,258.83078782689716,200.22075660214227,183.50229442209647,279.26390784698873,254.96995766568654,280.9503492648776,230.3932756269309,234.15843155511354,146.47025439830236,175.97593262372038,193.38291869710181,252.662830979366,229.54733727810645,136.6502005223742,35.36594299073003,33.636788851732774,30.134504207161164,30.32451147408067
Other,6.602322744869279,4.433366473891308,10.089895682550196,12.513063295601919,5.6260542622718,-40.50176167349974,12.498474104160424,8.174804136456563,-0.04982824825678988,13.880152523031535,20.70592716422964,3.437214696375256,4.521655740620916,3.139806428098973,0.6686312869914068,34.73964497041424,153.00460812967333,238.75792287703916,354.90967071014546,310.75145292581317,326.22808507974565
Indicies,,,,,,,,,,,,,,,,,,,,,
Aircraft In Fleet,88,89.60928961748634,92.13972602739726,95.64931506849315,97.87671232876713,98,97.83287671232877,97.0054794520548,96.41643835616438,96.94535519125684,96.88219178082191,97,97,96.97260273972603,96.66849315068494,96.26027397260275,95.4931506849315,336.0109289617486,351.75068493150684,350.3945205479452,351.1506849315069
Seats Per Departure,187.95099605590423,187.934538720126,187.94906413518385,187.95734103528213,186.48988958377424,181.9699943531776,181.9827098254326,181.99793748299436,181.99753278852685,181.55837877092262,171.61860602138947,171.46738386182184,170.85745265347927,170.15275504818817,170.77781344938717,171.39673598402987,170.52382134328494,166.98452941723042,166.7035701976107,166.36623145257815,168.60048734157758
Average Stage Length,1405.5662504046538,1409.8325643334083,1401.0981547196593,1311.4685582578286,1281.386158280106,1365.2517403478128,1382.927417938455,1347.7995777298388,1362.8853935343902,1405.9540390762422,1400.6610157257956,1448.6315172970299,1444.9304075292566,1445.6038883541867,1370.6374966385074,1410.8372307348588,1440.6212176259926,1490.9072932856145,1517.8908478215658,1518.1904739259599,1496.006823866534
Gallons of Fuel Per Block Hour,1049.5155085349973,1053.3647459146093,1052.524522345727,1050.1405598015638,1049.5284952921038,1072.825178676673,1106.3265139661085,1104.759408964213,1013.4213538957905,1065.2075732695037,1043.9299627568403,1022.2854393367385,1004.0503491780331,1006.8404233204195,1014.8125438531323,1034.012037037037,1042.5045812339747,941.5398166169522,941.4445366946899,923.3542312369145,904.0469388789278
Load Factor,0.6778385575817718,0.6855938911286462,0.6969235826234099,0.7134939593704239,0.711822510685776,0.7255979974606018,0.7053140898642761,0.7117906334395966,0.7616678847249607,0.7745687653933603,0.8105465708375201,0.8085206398930996,0.8263841177766853,0.825741939581082,0.8432505523385295,0.8592288342901958,0.8787858619623334,0.8424199089286927,0.8515466636203678,0.8524565110835193,0.8574469562376872
Daily Utilization per Aircraft,,,,,,,,,,,,,,,,,,,,,
Block Hours ,10.567434620174346,10.88712382230082,11.13359697897773,11.37445577451879,11.234345696291111,10.83280361324858,10.093925901033353,9.960431553082723,9.124318026824279,10.125979369821318,10.691024263333523,11.446688320858634,10.956390340347408,10.464896171775674,10.30010769753996,10.389639960153692,9.600516425190072,10.323491624654416,10.141164741527701,10.262592459380425,10.469641881875633
Airborne Hours,9.361301369863014,9.63560691526664,9.850673485772056,9.97946264894592,9.766550034989502,9.42090442734471,8.848693606653784,8.713474736633998,8.377045919527166,7.430274505383011,9.389938351903174,11.162349950571954,10.982149413924587,10.498912275745163,10.33612969051128,10.41166927565106,9.645043752689714,10.326174987802895,10.13506608821628,10.26231097627723,10.470266052898493
Departures,3.173692403486924,3.251272982284965,3.351669590556332,3.603918423464711,3.593561931420574,3.256022080963533,3.029516368422527,3.076651509588499,2.776682200500114,2.9801589538357476,3.1343532605621856,3.255218189521254,3.0820788024290353,2.9354428591608985,3.0563144768166874,3.05740714387363,2.7638789269832165,2.8513986013986017,2.7713121840656134,2.7951428526748714,2.8915580869158144
Widebodies,5039.931036660014,5424.0679103754655,5375.936888160951,4947.6751236930295,4803.635371653574,5630.542969072651,5882.481598516827,5885.229826693526,5529.934898417108,5890.390277459298,7200.253231911105,7747.360722769277,7986.431333035204,10946.046874881524,7054.399218417053,8451.996824033478,9989.580815108939,10666.936413670082,10603.877666819684,10567.407738183108,8373.220591432615
(Ex Fuel),3584.2836547062398,3713.3391920505974,3767.512238832425,3662.8088871695445,3572.0336887166186,3885.587395424027,4051.36465493962,4312.7158006892305,3728.8095492497678,3369.2070626003206,3411.86694449677,3279.2703611723773,3260.444439412723,3376.41508003306,3423.618761207111,3419.2222277707315,3669.6703693577156,3778.7088400153734,3964.575920170376,4256.025538070918,4279.589617034255
Pilots,976.976557375324,1101.5334154476384,1231.4325054855242,1274.1817377968748,1246.5889350042794,1342.5430988707565,1602.4363705847888,1741.924850583515,1291.2303664921467,1083.6156844760376,901.6862060461061,879.9681222008031,899.8171598068574,1003.3495598371284,1055.1048141328208,1018.8785841980683,953.7079009332904,1233.1295728280652,1350.1168998291728,1621.477783354492,1577.2475625217064
Salaries and Wages,758.6967121394421,858.4410506940504,990.3960244924351,979.7455062932619,949.3814891923612,994.4437561211606,1081.501870547678,1131.131902708642,739.2406850548746,652.9309791332263,583.6141087460165,581.0153426381002,594.9948204713088,646.8745023998545,655.7155263221376,654.3902044403607,684.019800283211,836.9915957855657,922.4856302160546,1086.772238788344,1096.3773693587873
Pilot Training,35.98476211857064,30.564512780768645,35.102432011501136,31.62519515329032,37.9065511333744,38.060344318972945,48.69740713192691,47.98308555446418,31.947857677102256,20.993350149048382,15.570655392926984,11.876988744358188,13.663011749699512,15.073967076878748,20.824119714062864,13.723611014012205,17.423188204711753,16.718513200925262,24.8107432854466,36.03486758584038,56.078095308013125
Benefits and Payroll Taxes,132.43872751061986,159.11607179927205,149.35724589754994,204.34410840467845,195.81454118683928,243.948163356815,408.31158002454055,503.0665756571828,462.3357196281654,347.4193992203623,243.21915241104355,227.09458559825867,223.03107151146006,267.79797244527344,305.27568489020047,277.4661579793662,183.35880463747768,252.2816100705548,312.039327829745,349.04115615127984,343.7510059098084
Per Diem/ Personnel,49.85635560669148,53.4117801735472,56.57680308403807,58.466927945644144,63.48635349170448,66.09083507380792,63.925512880643424,59.743286663226066,57.706104132004334,62.271955973400594,59.282289496118985,59.9812052200861,68.12825607438897,73.60311791512174,73.28948320641992,73.2986107643293,68.90610780788992,127.1378537710196,90.78119849792675,149.6295208290278,81.0410919450978
Purchased Goods,1513.4050561423326,1788.4374524267546,1683.40852508735,1356.389437697552,1309.2988711971666,1814.7368048426492,1934.5268832996176,1701.381790334127,1927.4552378917163,2660.081632653061,3953.0336367326095,4634.308384903199,4883.727600189444,7761.356657036919,3761.5548836872704,5187.667462322851,6521.27385766812,7016.682256883262,6736.832928215046,6406.110448466239,4215.9563413966125
Fuel/Oil,1455.6473819537741,1710.7287183248682,1608.424649328526,1284.8662365234852,1231.6016829369557,1744.9555736486247,1831.1169435772072,1572.5140260042951,1801.1253491673408,2521.1832148589774,3788.386287414335,4468.0903615969,4725.986893622481,7569.631794848464,3630.7804572099417,5032.774596262747,6319.910445751223,6888.227573654709,6639.301746649308,6311.382200112191,4093.6309743983606
Insurance,17.88627012161541,14.955298448593215,12.08866773559855,8.679620086243554,7.578312476486397,8.799721524065749,19.019735107076812,43.35658514658631,26.179918489460107,17.196055950470075,20.845025565936425,17.20088995405506,12.37614888361816,5.633781457807299,8.12339683024694,10.34657984359863,9.511338641158634,6.3434053383802125,3.5641880451224,2.756856898231525,2.492143314970479
Other (inc. Tax),39.871404066942844,62.75343565329311,62.89520802322547,62.8435810878232,70.11887578372432,60.98150966995882,84.3902046153336,85.51117918324537,100.1499702349152,121.70236184361384,143.80232375233763,149.0171333522439,145.36455768334494,186.09108073064763,122.65102964708153,144.546286216505,191.85207327573895,122.11127789017236,93.96699352061589,91.97139145581767,119.83322368328169
Maintenance,1196.1842156033943,1175.8705038958162,1224.818694601128,1158.6909032853298,1116.4685903229627,1225.06548904386,1205.5960090771703,1203.2447100737509,1111.8213179063698,1037.8720476954827,1280.7883590999393,1409.923026306903,1386.0796156770841,1370.6997869323568,1394.5164558590577,1330.9132401849652,1538.0548221361616,1420.5718346421863,1390.638907911471,1425.7609607038469,1445.8825605593
Labor,251.40925848624417,221.70516351356963,197.05545918392465,205.81936749609693,204.00589357687056,216.82183440121773,240.63502290611572,211.43556362062364,165.49768748187384,133.57303370786516,112.6454772664159,97.42797103211129,111.31552481173499,113.45472881265971,219.47444175518442,360.1031689754012,106.12225409819342,110.63252771795486,122.74688259596788,139.89507248088339,129.27606965272466
Materials,278.72624781201,245.7685760549151,227.53150586462857,193.89755469281297,236.23620472835137,196.93617473184892,246.10059108990788,167.98741405430602,196.3236304244959,175.12497133684934,234.6317941985812,186.3326830416669,188.03104320802458,211.7805175799762,161.34622033884676,107.06710477693328,227.1167980020159,208.96401197908736,236.98831302724955,226.92946768622124,207.73570760990185
Third Party,108.67689307174503,164.9373071121137,249.73290379120706,240.39815109047896,226.41857286106776,221.5373405548279,265.0713713822787,237.2683836382706,266.37842870880587,345.61614308644806,442.5052869929293,628.845548975453,589.607733253329,551.6613210193884,577.1431213463811,483.6838015720035,686.0071537296926,692.169360511069,724.6649308037898,739.0934722919311,822.7229025545166
Total Direct,638.8123993699992,632.4110466805985,674.3198688397604,617.7175393108191,571.9617427120945,634.9398798777538,601.9420848750152,616.6847020826743,561.7701830171111,585.0639761522586,775.3149377698114,912.4827055220761,888.0523651294127,876.7904127142998,957.9637834404124,950.8540553497057,1019.2458997661673,1003.3950415859964,1081.9614096611303,1105.5332585397537,1137.0904005850512
Burden,557.371816233395,543.4594572152179,550.4988257613678,540.9733639745107,544.506847610868,590.1256091661062,603.6539242021549,586.5600079910766,552.1614030803047,452.8117404265077,505.4734213301278,497.4403207848268,498.0272505476715,493.90937421805694,436.55267241864544,380.0591448859948,518.8089427742434,417.17679305619004,308.67764875868244,320.22767264031177,308.7923011545727
Aircraft Ownership,1339.6041097380025,1344.409538176232,1215.1769727783421,1139.7013559795582,1121.170561493599,1235.0053689216138,1232.3948221597916,1225.3150648442572,1265.5255445484102,1165.4739738592066,1028.8517369883657,814.9833374820784,793.1660411607428,786.6347444325652,836.5570949558952,749.611793022861,312.52172032304003,369.32860550951006,385.7909288622322,348.27632783206866,312.2380893219674
Rentals,790.4738686469365,759.3035968833469,696.2931477308721,643.5184545548049,621.6074835835706,669.3378526673511,579.1165077214376,592.7464331496495,563.8403828247829,525.5675303829397,400.7919323109548,263.686516964508,247.2305088391629,221.99601161635692,230.33579119191398,224.78054870314702,226.7199965720861,302.6894936442675,316.04926138031203,278.42378435830057,235.44123086653656
Depreciation and Amortization,549.130241091066,585.1059412928851,518.88382504747,496.18290142475337,499.56307791002854,565.6675162542626,653.2783144383541,632.5686316946077,701.6851617236274,639.9064434762669,628.0598046774109,551.2968205175704,545.9355323215799,564.6387328162083,606.2213037639813,524.831244319714,85.80172375095388,66.63911186524251,69.74166748192017,69.85254347376812,76.79685845543078
Other,13.761097800960435,13.817000429024178,21.10019020860583,18.711688933714658,10.108413635566507,13.192207393772051,-92.47248660454143,13.363410857875373,-66.09756842153466,-56.6530612244898,35.893293044084494,8.17785187629407,23.640916201075154,24.006126642554385,6.665969782009118,164.92574430473388,664.022514048325,627.2241438070583,740.4980020017629,765.7822178264611,821.8960376330278
Indicies,,,,,,,,,,,,,,,,,,,,,
Aircraft In Fleet,135.4027397260274,138.8169398907104,145.37808219178083,152.72054794520548,153.14246575342466,156.16666666666666,150.06575342465754,156.2958904109589,149.72602739726028,128.32513661202185,116.92054794520548,117,116.99178082191781,116.08767123287672,112.75342465753425,111.73150684931507,111.0027397260274,153.81967213114754,156.23561643835617,158.84931506849315,167.02739726027397
Seats Per Departure,296.43197327871707,297.65088419165374,294.1245770797167,284.3825251189107,280.05345399506797,279.6479662097987,276.4722644464475,266.0935137752119,260.9090134983387,264.94321705610173,273.20597176493703,272.59948424390143,273.3860041594184,271.3002221848131,269.94942623226063,271.5234563026517,273.1654591456615,267.7097490815921,266.6331372620849,266.6569224524955,265.43406710543763
Average Stage Length,2761.534903801223,2746.2263458074844,2800.4494362532523,2783.188998095375,2771.7970824728677,2889.589587254699,3079.946290076336,2914.879241435563,3016.255938521673,3141.3694766985245,3397.7887943999344,3348.08644390257,3476.022336234788,3671.613791130186,3553.261503168978,3525.262938847721,3724.9364896433576,4186.015199673498,4362.450120128136,4527.821170353923,4577.649636463138
Gallons of Fuel Per Block Hour,2525.0196682323144,2491.683345558216,2460.41309567378,2384.5019764787517,2317.1715717354127,2279.8416315621794,2179.7435983683836,2104.714337323322,1737.3088699952682,2160.029264847512,2243.774730407055,2235.2736840277175,2265.889867558791,2206.762694964476,2174.951728005918,2216.4291409909415,2212.576030312552,2121.623440434496,2171.287278282399,2159.3988087154203,2129.5118676180336
Load Factor,0.7324566775388683,0.7405362968811444,0.7395621593427605,0.7262514539858953,0.7275066650235004,0.739737541519723,0.7167909808504868,0.7575376114062358,0.7731569321080728,0.8106042327700579,0.8203601740316085,0.8285982241449649,0.8288241523273732,0.797641935639198,0.8092992099314682,0.8386468929509363,0.8192134080846798,0.8162871234929644,0.8224602512831714,0.8127046011513134,0.8047953628127663
Daily Utilization per Aircraft,,,,,,,,,,,,,,,,,,,,,
Block Hours ,11.53652219659261,11.37748735410475,11.48316152497974,11.685969538776169,11.93564949818416,11.861644243049845,11.560904808850914,10.529203477773104,9.590192131747484,11.606553537590223,12.066337051270034,12.135089567966281,12.410917521427567,12.450014160294534,12.087279795893572,12.275881516355254,12.096307631552966,12.247948417350528,11.651088976957878,11.683684028975508,11.618371196588205
Airborne Hours,10.697401966735463,10.534217725903911,10.631815012343816,10.787758104156575,10.96359375279532,10.895585842503982,10.702066673969401,9.662792735941665,8.150759377859103,10.795303085144889,10.9073718249133,11.992038402997308,12.429160226687273,12.460115170395543,12.119037783987364,12.236452356431759,12.149323723960904,12.255817258161924,11.64730123101743,11.708192480165573,11.650012302140572
Departures,1.9918659706203716,1.967051784202964,1.955599947232535,1.9968067739447104,2.0357979855806216,1.9426666899942266,1.7937342534779275,1.7192539615762166,1.51676120768527,1.7621521493814805,1.7138907114068795,1.747757873785271,1.7299189733501943,1.6496743132257152,1.6523630178593123,1.690917561669364,1.5848060025668873,1.4362321929731074,1.313786693788798,1.2738530527768195,1.258853440498647
Total Fleet,3013.6372235742983,3238.0572444300806,3318.686063318879,3169.022090906497,3118.5315443186664,3568.041499929473,3927.805805117215,3920.1549785788798,3477.891627184689,3614.7633480235622,4237.556854817153,4617.852589388201,4898.795393262622,6722.108873217767,4701.393174355708,5686.55363637745,6711.159654088163,6446.190258138906,6437.552279528516,6408.145425850025,5164.236442844022
(Ex Fuel),2231.4731985187154,2317.2865405276984,2433.925957010304,2431.9782075886624,2421.149254305312,2568.8127650415026,2853.243143803765,2998.259164450349,2426.3506519604307,2193.310777778402,2133.2456531771595,2141.9961232753567,2287.3150218967753,2403.4987909864767,2530.235928925722,2634.0037310701023,2854.1715211626515,2571.3665712231295,2781.413738402754,2920.636777718417,2886.523072732064
Pilots,672.4240895962822,724.4886966441494,791.8473446169628,817.722278111427,810.2590703463128,888.5491718174206,1086.0923946269884,1186.1398436949723,838.1173014205929,705.7864040373183,602.1362900929424,595.3069091480126,612.5003990824621,681.2504162083591,754.3707333080467,741.3487797701682,697.3983518150377,773.8826761705626,928.9622922550963,1100.5300291406688,1100.3018420077199
Salaries and Wages,510.4074718233365,552.9804827984883,623.4554949410174,616.3594370897673,605.6951426713559,649.9513214385388,719.8132337197326,757.7996990297901,487.208055894239,429.8416837076387,385.5495756549555,385.5140399070825,396.8508470559078,434.59041652984416,465.13410623411147,473.19820118493595,492.5568566707235,520.9168464278555,633.2426401949809,738.4898203714729,766.5658219293298
Pilot Training,28.81312982875919,23.094377226116173,25.572341119970158,22.912107896714335,26.178847861502856,25.807617666457173,32.154801896248536,31.253807756435204,18.687022702295145,13.222738574034617,11.900644672803187,9.11388159057878,11.461107181915043,11.193421496788593,15.4974289413323,9.674239316168476,11.145670570012172,6.687667922696252,11.398194116358157,22.469608533250483,34.709047184514866
Benefits and Payroll Taxes,91.13249515055627,102.825285890307,94.54189397118478,128.46072070953974,124.37334377469043,157.1142089205351,272.7175904623235,341.8515683200834,287.6821104527622,219.8609783620948,161.82116521145247,154.9899342965144,153.35535005890188,180.63844640040048,218.3304094363599,203.2013092588832,141.49373811061895,193.890142466489,220.17224029823413,237.44752021542,241.9964623150587
Per Diem/ Personnel,42.070992793630296,45.5885507292379,48.27761458479041,49.99001241540561,54.01173603876354,55.676023791889556,61.406768548683814,55.23476858866359,44.540112371296516,42.86100339355016,42.86490455373128,45.689053353836854,50.83309478573736,54.82813178132585,55.408788696243086,55.27503001018068,52.202086463683194,52.388019353521756,64.14921764552274,102.12308002052552,57.03051057881676
Purchased Goods,844.0689586699459,1012.932755060131,970.4322282836761,817.2416963765224,782.2828465749785,1090.6227879508374,1155.9374876090062,1016.2880717804182,1142.1903682210118,1516.8627719424971,2211.3455430951058,2586.745853405541,2715.8375942713947,4445.93711751887,2268.9816933714446,3165.582142250329,3987.9758090132673,3979.7005022279354,3752.898906234523,3583.3004512675197,2392.724750545948
Fuel/Oil,782.1640250555828,920.7707039023823,884.7601063085747,737.0438833178348,697.3822900133547,999.2287348879703,1074.56266131345,921.8958141285308,1051.5409752242579,1421.4525702451601,2104.3112016399937,2475.856466112844,2611.480371365847,4318.61008223129,2171.157245429986,3052.5499053073477,3856.9881329255113,3874.8236869157763,3656.138541125762,3487.5086481316084,2277.7133701119583
Insurance,10.97231408489873,8.651013276621777,6.642887117079312,4.512757610607403,3.9482838184602262,4.572377062368517,10.4563850848858,25.457020744528528,14.4707970583918,9.130351048281591,9.349337598421975,7.884845574642439,6.081205028817812,2.988088977884123,4.518367409298856,5.934176519261079,5.252806161599218,8.584033528450082,2.370963288019906,2.0808978749443408,2.2372489270833484
Other (inc. Tax),50.93261952946442,83.51103788112695,79.02923485802211,75.68505544808019,80.95227274316359,86.82167600049864,70.91844121067041,68.93523690735886,76.17859593836208,86.27985064905542,97.6850038566904,103.00454171805454,98.27601787672978,124.33894630969576,93.30608053216032,107.09806042372024,125.73486992615646,96.29278178370913,94.38940182074133,93.71090526096715,112.77413150690639
Maintenance,729.9322930224815,762.2919125433922,859.8852986431668,856.6838229665527,874.9777130631167,890.1387198810837,961.2303669025143,936.2574503494267,837.0811195530714,798.566259539411,868.2261078847771,936.0158829269752,1049.517610764999,1046.9201729589715,1087.6292255071871,1161.0210851736585,1368.5620317859143,1033.8237917381573,1018.439913435246,1014.0834564022945,971.5559859296452
Labor,153.28095061446047,149.99466164957914,146.65501002471208,151.16039426726232,152.45007726138118,155.62344145567232,167.76552689502674,185.09462258675,126.12873679518103,95.75910953407266,81.86002668589738,79.6090586524189,84.15201605637263,90.62664330541772,173.59843923021685,287.94088719625483,90.31077102078254,96.70177296943416,102.34220091787454,100.7538606956133,111.05079216454513
Materials,145.93874215284183,145.53449391957076,162.3243344057444,157.60317899608694,184.3116570293873,159.60356628156612,176.75205194857887,131.8757477341118,141.463470120534,127.58073027483006,127.10713307709344,115.73769668715772,146.42998416116114,157.3026483481408,140.85123597476039,98.08300905761817,189.60954648145704,148.30711854307924,138.0851375160958,121.56302041958189,105.05846149036795
Third Party,56.173525865428736,69.64142636875786,116.52725322888982,133.464024992062,145.58570070129562,144.9771359579065,184.07599379228498,156.4119662136004,181.90814542945216,276.31355116148507,365.4413264832984,420.2176157555901,479.2717922022263,463.7841319558463,441.6614466082684,464.8829361214829,692.1950126165739,491.28447874772195,530.5257668214467,534.0833169010978,506.6673452253534
Total Direct,354.36874740362737,365.1705819379078,425.5065976593463,434.02917280604925,453.71090609071393,456.66400232242245,479.60684471583477,472.67695367146126,428.7322994625179,477.22622867409405,562.3147343029427,615.4383161191732,709.5312796775305,709.9303295910939,756.1111218132456,850.9068185616939,972.1151373903857,734.1689700005701,767.9572301379812,755.3438911860505,710.8409351754403
Burden,375.5635456188542,397.1213306054844,434.3787009838206,422.6546501605034,421.26680697240266,433.4747175586612,481.6235221866796,463.58049667796547,408.94788812269087,321.3410525573718,305.91137358183437,320.57756680780193,339.9863310874686,336.98984336787765,331.5181036939414,310.1142735187956,396.4468943955288,299.65482173758727,250.482724568602,258.7395614459412,260.7151251847739
Aircraft Ownership,760.0801004120113,731.8181074922546,683.6779036695109,663.0977093780475,644.9782724215326,698.2925622522666,750.4465368382517,772.4291956527439,678.1309294058448,602.4892505224677,533.4757453995193,494.5371725975711,511.9126791339126,538.0850741367551,587.4535259806127,535.586106771319,304.89681534118284,329.4924206062412,313.82987504539847,297.8206029694149,259.3552712473224
Rentals,498.6369197894351,459.1000599241858,439.0418240313331,405.45562183245227,383.9589116283623,398.23290567229253,395.7524364728154,439.8494017870042,343.2074839088485,296.4700028658462,221.7776997105573,222.37112614631243,222.06517463036846,231.35214327212105,231.63707452649143,224.96872586925926,230.35283578467238,288.9066657839519,272.98458928265916,258.9985359914972,218.55892370420102
Depreciation and Amortization,261.4431806225762,272.71804756806876,244.63607963817785,257.64208754559525,261.0193607931702,300.0596565799741,354.6941003654363,332.5797938657397,334.92344549699624,306.0192476566216,311.698045688962,272.16604645125864,289.84750450354414,306.7329308646341,355.8164514541212,310.6173809020598,74.54397955651046,40.58575482228928,40.84528576273934,38.82206697791772,40.79634754312135
Other,7.131781873577089,6.5257726901534845,12.84328810556255,14.27658407394708,6.033641912726103,0.438258027864756,-25.900980859545378,9.040417101318583,-17.628091415831754,-8.941338018131969,22.37316834480885,5.246771310101116,9.027110009853955,9.916092394811232,2.9579961884163195,83.01552241197564,352.3266461327599,329.2908673960098,423.4212925582523,412.41088607012733,440.298593113387
Indicies,,,,,,,,,,,,,,,,,,,,,
Aircraft In Fleet,552.7013698630137,560.8524590163935,569.1424657534246,573.2438356164383,586.8904109589041,601.3032786885246,597.1808219178082,556.3808219178082,550.9369863013699,518.568306010929,462.46849315068494,460.0054794520548,453.17534246575343,445.172602739726,382.07397260273973,360.413698630137,358.4958904109589,697.275956284153,698.0465753424658,697.241095890411,708.2794520547945
Seats Per Departure,194.17270409828433,194.0183878030715,194.71413576702582,194.51787061978143,192.20165526823158,189.66492988699613,187.7728652055269,186.92465430583263,180.93342968923596,182.82228197337702,186.32521062019745,186.05215637917712,187.89702780701725,189.9347907639068,195.03252056731557,197.21690690453312,197.76893125052848,187.0593705969355,186.88789726166854,189.02220357525553,191.77985148708396
Average Stage Length,1045.8201966027375,1068.0897164745106,1087.53149613201,1114.604440651146,1120.9719428443218,1145.2464142844412,1181.3700885834585,1224.0447560619339,1255.1292750943278,1293.051932404461,1367.6716509002135,1363.616770745788,1370.988401455945,1401.7156218768985,1446.4374072014011,1541.1980523123182,1614.4478625734996,1660.681090753983,1701.9881386384375,1720.32609382548,1684.1695092958748
Gallons of Fuel Per Block Hour,1394.048699430317,1386.5960321147465,1382.2388184827714,1371.7608274702513,1339.3435767299907,1337.7348215414174,1300.6069687410381,1263.9285840981408,1058.9461039182625,1203.5882003762893,1237.806306861636,1223.0492452992444,1236.7415828773871,1241.3931469714958,1288.9379797277952,1339.2906235625157,1343.7613879302037,1191.1182951835035,1202.2110038389847,1199.242445161891,1192.5708009622383
Load Factor,0.7051258156610684,0.7166228371851252,0.7180334570047578,0.7161148036150646,0.7101012568185474,0.7233007239681369,0.7075274451246732,0.7353782642351767,0.7644229223418053,0.7925811426512335,0.8145118728214832,0.8209911554990336,0.8273612323235957,0.8101135057955599,0.818619096851531,0.8409694337888337,0.8374669017265594,0.8293963489233831,0.8384052060370673,0.8361588790286215,0.8348240478676208
Daily Utilization per Aircraft,,,,,,,,,,,,,,,,,,,,,
Block Hours ,10.035189554665502,10.129457500292295,10.324111737437242,10.551540380626475,10.682426534089583,10.53389949881178,9.950470475430219,9.577765303157884,9.180877409344976,10.31390018756981,10.859994905243452,11.150546151921954,11.172239720934169,10.720274727979913,10.794804133173667,11.005936860989273,10.70633774292898,10.65381284702766,10.460847688461342,10.421925161006394,10.393962602795893
Airborne Hours,8.730142364278066,8.814611832105694,8.978366877349726,9.16751579571198,9.206932287654926,9.039181740936126,8.62309206270559,8.326434540252809,8.25048236628011,8.704408944340239,9.430655031664505,10.864569808578814,11.20162748097141,10.7360974348875,10.828470424575316,11.012679493124338,10.749065731251576,10.663855832415763,10.466122682868434,10.430385118647663,10.401648602440025
Departures,3.87072213189515,3.8281889395533732,3.8443127608466474,3.83582496152633,3.8282846672735333,3.6711151097116006,3.4093572080689634,3.2025467921350805,2.990476995604002,3.240379143922949,3.261449872927293,3.3590665983728605,3.3301996868368713,3.1406011520850767,3.119829051248772,3.048939194684951,2.847674072036132,2.7283730990623147,2.6279559004187814,2.5866566074508928,2.6342090808519196
Note: Shaded data means data appear questionable.,,,,,,,,,,,,,,,,,,,,,
